ctime,schemaname,relname,seq_scan,seq_tup_read,idx_scan,idx_tup_fetch,n_tup_ins,n_tup_upd,n_tup_del,n_tup_hot_upd,n_live_tup,n_dead_tup,heap_blks_read,heap_blks_hit,idx_blks_read,idx_blks_hit,toast_blks_read,toast_blks_hit,tidx_blks_read,tidx_blks_hit
1416429197.31735,pg_catalog,pg_attrdef,0,0,0,0,0,0,0,0,0,0,0,0,0,0,0,0,0,0
1416429197.31735,pg_catalog,pg_db_role_setting,0,0,7660,0,0,0,0,0,0,0,0,0,17,7643,0,0,0,0
1416429197.31735,pg_toast,pg_toast_12713,0,0,0,0,0,0,0,0,0,0,0,0,0,0,,,,
1416429197.31735,pg_catalog,pg_rowsecurity,0,0,0,0,0,0,0,0,0,0,0,0,0,0,,,,
1416429197.31735,pg_catalog,pg_description,0,0,233,0,0,0,0,0,0,0,0,0,82,436,0,0,0,0
1416429197.31735,pg_catalog,pg_foreign_data_wrapper,0,0,0,0,0,0,0,0,0,0,0,0,0,0,,,,
1416429197.31735,pg_catalog,pg_conversion,0,0,0,0,0,0,0,0,0,0,0,0,0,0,,,,
1416429197.31735,pg_catalog,pg_class,721,171808,48199,44911,132,28,94,28,337,95,320,50819,376,100892,,,,
1416429197.31735,information_schema,sql_implementation_info,0,0,,,0,0,0,0,0,0,0,0,,,0,0,0,0
1416429197.31735,pg_catalog,pg_opfamily,0,0,0,0,0,0,0,0,0,0,0,0,0,0,,,,
1416429197.31735,pg_catalog,pg_auth_members,0,0,0,0,0,0,0,0,0,0,0,0,0,0,,,,
1416429197.31735,pg_catalog,pg_operator,0,0,12841,66268,0,0,0,0,0,0,307,45956,268,28024,,,,
1416429197.31735,public,supplier,8,600000,3317555,4270560,100000,0,0,0,100000,0,11742,3353451,1004,6652339,,,,
1416429197.31735,information_schema,sql_languages,0,0,,,0,0,0,0,0,0,0,0,,,0,0,0,0
1416429197.31735,pg_toast,pg_toast_12693,0,0,0,0,0,0,0,0,0,0,0,0,0,0,,,,
1416429197.31735,pg_catalog,pg_attribute,154,1050,38211,84478,524,20,346,5,2514,382,831,44744,297,80444,,,,
1416429197.31735,public,customer,14,15000000,81,15871915,1500000,0,0,0,1500000,0,149325,884294,20529,228,,,,
1416429197.31735,pg_toast,pg_toast_12698,0,0,0,0,0,0,0,0,0,0,0,0,0,0,,,,
1416429197.31735,pg_catalog,pg_tablespace,2,4,1271,1271,0,0,0,0,0,0,25,1248,55,2497,,,,
1416429197.31735,pg_catalog,pg_statistic,0,0,9375,8746,143,203,80,49,464,99,545,9134,103,20556,2065,8056,87,7265
1416429197.31735,pg_toast,pg_toast_12703,0,0,0,0,0,0,0,0,0,0,0,0,0,0,,,,
1416429197.31735,information_schema,sql_packages,0,0,,,0,0,0,0,0,0,0,0,,,0,0,0,0
1416429197.31735,information_schema,sql_sizing_profiles,0,0,,,0,0,0,0,0,0,0,0,,,0,0,0,0
1416429197.31735,pg_catalog,pg_aggregate,0,0,893,893,0,0,0,0,0,0,56,837,129,1433,,,,
1416429197.31735,public,lineitem,22,960194151,4210672,326063407,60045669,0,60340,0,59985473,60340,18403216,29887909,997774,17312208,,,,
1416429197.31735,pg_catalog,pg_inherits,0,0,52,0,0,0,0,0,0,0,0,0,28,24,,,,
1416429197.31735,pg_catalog,pg_enum,0,0,0,0,0,0,0,0,0,0,0,0,0,0,,,,
1416429197.31735,pg_toast,pg_toast_2396,0,0,0,0,0,0,0,0,0,0,0,0,0,0,,,,
1416429197.31735,pg_catalog,pg_pltemplate,0,0,0,0,0,0,0,0,0,0,0,0,0,0,,,,
1416429197.31735,pg_toast,pg_toast_2618,0,0,278,886,0,0,0,0,0,0,162,181,43,407,,,,
1416429197.31735,pg_toast,pg_toast_3596,0,0,0,0,0,0,0,0,0,0,0,0,0,0,,,,
1416429197.31735,information_schema,sql_features,0,0,,,0,0,0,0,0,0,0,0,,,0,0,0,0
1416429197.31735,public,region,6425,32100,16,16,5,0,0,0,5,0,8,6438,8,15,,,,
1416429197.31735,pg_toast,pg_toast_2606,0,0,0,0,0,0,0,0,0,0,0,0,0,0,,,,
1416429197.31735,pg_toast,pg_toast_12723,0,0,0,0,0,0,0,0,0,0,0,0,0,0,,,,
1416429197.31735,pg_toast,pg_toast_2964,0,0,0,0,0,0,0,0,0,0,0,0,0,0,,,,
1416429197.31735,pg_catalog,pg_database,179,680,6262,6260,1,0,0,0,1,0,9,6431,71,10017,,,,
1416429197.31735,information_schema,sql_sizing,0,0,,,0,0,0,0,0,0,0,0,,,0,0,0,0
1416429197.31735,pg_toast,pg_toast_2620,0,0,0,0,0,0,0,0,0,0,0,0,0,0,,,,
1416429197.31735,public,partsupp,13,64000000,27946,111688,8000000,0,0,0,8000000,0,1008377,1514674,40236,66030,,,,
1416429197.31735,pg_catalog,pg_depend,0,0,2467,2603,486,0,397,0,7106,398,352,2997,590,6562,,,,
1416429197.31735,pg_catalog,pg_language,0,0,0,0,0,0,0,0,0,0,0,0,0,0,,,,
1416429197.31735,public,nation,24,325,25745,25769,25,0,0,0,25,0,9,25759,13,25751,,,,
1416429197.31735,pg_catalog,pg_amproc,28,56,8578,24725,0,0,0,0,0,0,150,8404,77,18957,,,,
1416429197.31735,pg_catalog,pg_collation,0,0,0,0,0,0,0,0,0,0,0,0,0,0,,,,
1416429197.31735,pg_toast,pg_toast_12708,0,0,0,0,0,0,0,0,0,0,0,0,0,0,,,,
1416429197.31735,public,orders,17,165105000,5180860,50225857,15015000,0,15000,0,15000000,15000,1778707,8523268,123619,15599146,,,,
1416429197.31735,pg_catalog,pg_range,0,0,393,0,0,0,0,0,0,0,0,0,130,656,,,,
1416429197.31735,pg_toast,pg_toast_2609,0,0,0,0,0,0,0,0,0,0,0,0,0,0,,,,
1416429197.31735,pg_catalog,pg_opclass,28,28,11434,119052,0,0,0,0,0,0,58,47292,133,13976,,,,
1416429197.31735,public,part,10,16000000,79,4060663,2000000,0,0,0,2000000,0,248671,450103,48694,190,,,,
1416429197.31735,pg_catalog,pg_rewrite,0,0,553,469,28,0,28,0,0,28,193,421,100,844,162,181,86,814
1416429197.31735,pg_toast,pg_toast_1255,0,0,0,0,0,0,0,0,0,0,0,0,0,0,,,,
1416429197.31735,pg_catalog,pg_seclabel,0,0,233,0,0,0,0,0,0,0,0,0,27,206,0,0,0,0
1416429197.31735,pg_catalog,pg_ts_parser,0,0,0,0,0,0,0,0,0,0,0,0,0,0,,,,
1416429197.31735,pg_catalog,pg_trigger,0,0,0,0,0,0,0,0,0,0,0,0,0,0,0,0,0,0
1416429197.31735,pg_catalog,pg_shseclabel,0,0,0,0,0,0,0,0,0,0,0,0,0,0,,,,
1416429197.31735,pg_catalog,pg_event_trigger,0,0,138,0,0,0,0,0,0,0,0,0,27,111,,,,
1416429197.31735,pg_catalog,pg_foreign_table,0,0,0,0,0,0,0,0,0,0,0,0,0,0,,,,
1416429197.31735,pg_catalog,pg_extension,0,0,0,0,0,0,0,0,0,0,0,0,0,0,,,,
1416429197.31735,pg_catalog,pg_ts_config,0,0,0,0,0,0,0,0,0,0,0,0,0,0,,,,
1416429197.31735,pg_catalog,pg_shdescription,0,0,0,0,0,0,0,0,0,0,0,0,0,0,0,0,0,0
1416429197.31735,pg_catalog,pg_cast,0,0,57260,13870,0,0,0,0,0,0,63,13807,39,58943,,,,
1416429197.31735,pg_catalog,pg_amop,0,0,14493,25305,0,0,0,0,0,0,100,24229,221,30888,,,,
1416429197.31735,pg_catalog,pg_user_mapping,0,0,0,0,0,0,0,0,0,0,0,0,0,0,,,,
1416429197.31735,pg_catalog,pg_type,0,0,41087,40661,122,0,103,0,360,104,179,40866,387,84581,,,,
1416429197.31735,information_schema,sql_parts,0,0,,,0,0,0,0,0,0,0,0,,,0,0,0,0
1416429197.31735,pg_catalog,pg_largeobject,0,0,0,0,0,0,0,0,0,0,0,0,0,0,,,,
1416429197.31735,pg_catalog,pg_ts_config_map,0,0,0,0,0,0,0,0,0,0,0,0,0,0,,,,
1416429197.31735,pg_catalog,pg_largeobject_metadata,0,0,0,0,0,0,0,0,0,0,0,0,0,0,,,,
1416429197.31735,pg_catalog,pg_am,2634,2634,0,0,0,0,0,0,0,0,18,2616,0,0,,,,
1416429197.31735,public,time_statistics,26,375,,,29,26,0,26,29,26,4,77,,,,,,
1416429197.31735,pg_toast,pg_toast_12718,0,0,0,0,0,0,0,0,0,0,0,0,0,0,,,,
1416429197.31735,pg_catalog,pg_ts_template,0,0,0,0,0,0,0,0,0,0,0,0,0,0,,,,
1416429197.31735,pg_catalog,pg_foreign_server,0,0,0,0,0,0,0,0,0,0,0,0,0,0,,,,
1416429197.31735,pg_catalog,pg_namespace,150,1226,7991,6178,4,0,0,0,4,0,26,6313,94,9894,,,,
1416429197.31735,pg_toast,pg_toast_2619,0,0,6073,20688,527,0,277,0,263,18,2065,8056,87,7265,,,,
1416429197.31735,pg_catalog,pg_authid,65,65,3629,3629,0,0,0,0,0,0,17,3677,76,7182,,,,
1416429197.31735,pg_catalog,pg_default_acl,0,0,248,0,0,0,0,0,0,0,0,0,25,223,,,,
1416429197.31735,pg_catalog,pg_shdepend,0,0,301,67,0,0,0,0,0,0,27,40,109,308,,,,
1416429197.31735,pg_catalog,pg_constraint,0,0,24,8,16,0,8,0,8,8,9,72,16,144,0,0,0,0
1416429197.31735,pg_catalog,pg_index,364,37193,19091,27390,70,0,42,0,143,42,195,21387,118,22023,,,,
1416429197.31735,pg_catalog,pg_ts_dict,0,0,0,0,0,0,0,0,0,0,0,0,0,0,,,,
1416429197.31735,pg_toast,pg_toast_2604,0,0,0,0,0,0,0,0,0,0,0,0,0,0,,,,
1416429197.31735,pg_catalog,pg_proc,0,0,15890,23574,0,0,0,0,0,0,1419,15931,562,34556,0,0,0,0
1416429257.32097,pg_catalog,pg_attrdef,0,0,0,0,0,0,0,0,0,0,0,0,0,0,0,0,0,0
1416429257.32097,pg_catalog,pg_db_role_setting,0,0,9180,0,0,0,0,0,0,0,0,0,18,9162,0,0,0,0
1416429257.32097,pg_toast,pg_toast_12713,0,0,0,0,0,0,0,0,0,0,0,0,0,0,,,,
1416429257.32097,pg_catalog,pg_rowsecurity,0,0,0,0,0,0,0,0,0,0,0,0,0,0,,,,
1416429257.32097,pg_catalog,pg_description,0,0,289,0,0,0,0,0,0,0,0,0,88,556,0,0,0,0
1416429257.32097,pg_catalog,pg_foreign_data_wrapper,0,0,0,0,0,0,0,0,0,0,0,0,0,0,,,,
1416429257.32097,pg_catalog,pg_conversion,0,0,0,0,0,0,0,0,0,0,0,0,0,0,,,,
1416429257.32097,pg_catalog,pg_class,742,174869,59106,54767,147,41,109,41,337,112,327,60873,381,123538,,,,
1416429257.32097,information_schema,sql_implementation_info,0,0,,,0,0,0,0,0,0,0,0,,,0,0,0,0
1416429257.32097,pg_catalog,pg_opfamily,0,0,0,0,0,0,0,0,0,0,0,0,0,0,,,,
1416429257.32097,pg_catalog,pg_auth_members,0,0,0,0,0,0,0,0,0,0,0,0,0,0,,,,
1416429257.32097,pg_catalog,pg_operator,0,0,17920,86864,0,0,0,0,0,0,319,60964,273,38849,,,,
1416429257.32097,public,supplier,34,800000,3391983,5266964,100000,0,0,0,100000,0,16123,3448008,1621,6801293,,,,
1416429257.32097,information_schema,sql_languages,0,0,,,0,0,0,0,0,0,0,0,,,0,0,0,0
1416429257.32097,pg_toast,pg_toast_12693,0,0,0,0,0,0,0,0,0,0,0,0,0,0,,,,
1416429257.32097,pg_catalog,pg_attribute,165,1125,48201,107524,558,20,380,5,2514,416,858,56103,304,101093,,,,
1416429257.32097,public,customer,64,18000000,459,45872273,1500000,0,0,0,1500000,0,162273,1647820,20541,1726,,,,
1416429257.32097,pg_toast,pg_toast_12698,0,0,0,0,0,0,0,0,0,0,0,0,0,0,,,,
1416429257.32097,pg_catalog,pg_tablespace,2,4,1581,1581,0,0,0,0,0,0,26,1557,58,3116,,,,
1416429257.32097,pg_catalog,pg_statistic,0,0,12573,11906,147,210,81,49,467,107,565,12313,106,27282,2155,11951,87,10182
1416429257.32097,pg_toast,pg_toast_12703,0,0,0,0,0,0,0,0,0,0,0,0,0,0,,,,
1416429257.32097,information_schema,sql_packages,0,0,,,0,0,0,0,0,0,0,0,,,0,0,0,0
1416429257.32097,information_schema,sql_sizing_profiles,0,0,,,0,0,0,0,0,0,0,0,,,0,0,0,0
1416429257.32097,pg_catalog,pg_aggregate,0,0,1275,1275,0,0,0,0,0,0,57,1218,132,2095,,,,
1416429257.32097,public,lineitem,109,1380212002,10203258,520807407,60165770,0,120391,0,60045523,120391,24107628,44538179,1515362,42913132,,,,
1416429257.32097,pg_catalog,pg_inherits,0,0,66,0,0,0,0,0,0,0,0,0,30,36,,,,
1416429257.32097,pg_catalog,pg_enum,0,0,0,0,0,0,0,0,0,0,0,0,0,0,,,,
1416429257.32097,pg_toast,pg_toast_2396,0,0,0,0,0,0,0,0,0,0,0,0,0,0,,,,
1416429257.32097,pg_catalog,pg_pltemplate,0,0,0,0,0,0,0,0,0,0,0,0,0,0,,,,
1416429257.32097,pg_toast,pg_toast_2618,0,0,283,902,0,0,0,0,0,0,167,182,45,413,,,,
1416429257.32097,pg_toast,pg_toast_3596,0,0,0,0,0,0,0,0,0,0,0,0,0,0,,,,
1416429257.32097,information_schema,sql_features,0,0,,,0,0,0,0,0,0,0,0,,,0,0,0,0
1416429257.32097,public,region,12946,64460,124,124,5,0,0,0,5,0,10,13016,12,160,,,,
1416429257.32097,pg_toast,pg_toast_2606,0,0,0,0,0,0,0,0,0,0,0,0,0,0,,,,
1416429257.32097,pg_toast,pg_toast_12723,0,0,0,0,0,0,0,0,0,0,0,0,0,0,,,,
1416429257.32097,pg_toast,pg_toast_2964,0,0,0,0,0,0,0,0,0,0,0,0,0,0,,,,
1416429257.32097,pg_catalog,pg_database,183,690,7412,7410,1,0,0,0,1,0,9,7585,75,11922,,,,
1416429257.32097,information_schema,sql_sizing,0,0,,,0,0,0,0,0,0,0,0,,,0,0,0,0
1416429257.32097,pg_toast,pg_toast_2620,0,0,0,0,0,0,0,0,0,0,0,0,0,0,,,,
1416429257.32097,public,partsupp,74,72000000,56637,225858,8000000,0,0,0,8000000,0,1203327,1522514,57563,135309,,,,
1416429257.32097,pg_catalog,pg_depend,0,0,3070,3303,607,0,518,0,7106,519,366,3783,619,8257,,,,
1416429257.32097,pg_catalog,pg_language,0,0,0,0,0,0,0,0,0,0,0,0,0,0,,,,
1416429257.32097,public,nation,166,575,52165,52237,25,0,0,0,25,0,11,52187,18,52284,,,,
1416429257.32097,pg_catalog,pg_amproc,30,60,11198,33740,0,0,0,0,0,0,152,11023,78,24564,,,,
1416429257.32097,pg_catalog,pg_collation,0,0,0,0,0,0,0,0,0,0,0,0,0,0,,,,
1416429257.32097,pg_toast,pg_toast_12708,0,0,0,0,0,0,0,0,0,0,0,0,0,0,,,,
1416429257.32097,public,orders,83,210150000,10592784,100652778,15045000,0,30000,0,15015000,30000,2239485,15013143,202668,31996185,,,,
1416429257.32097,pg_catalog,pg_range,0,0,429,0,0,0,0,0,0,0,0,0,132,726,,,,
1416429257.32097,pg_toast,pg_toast_2609,0,0,0,0,0,0,0,0,0,0,0,0,0,0,,,,
1416429257.32097,pg_catalog,pg_opclass,30,30,15471,163163,0,0,0,0,0,0,58,65115,134,18627,,,,
1416429257.32097,public,part,35,18000000,431,6135426,2000000,0,0,0,2000000,0,372716,468013,54681,1597,,,,
1416429257.32097,pg_catalog,pg_rewrite,0,0,638,515,41,0,41,0,110,41,227,516,104,982,167,182,90,826
1416429257.32097,pg_toast,pg_toast_1255,0,0,0,0,0,0,0,0,0,0,0,0,0,0,,,,
1416429257.32097,pg_catalog,pg_seclabel,0,0,289,0,0,0,0,0,0,0,0,0,29,260,0,0,0,0
1416429257.32097,pg_catalog,pg_ts_parser,0,0,0,0,0,0,0,0,0,0,0,0,0,0,,,,
1416429257.32097,pg_catalog,pg_trigger,0,0,0,0,0,0,0,0,0,0,0,0,0,0,0,0,0,0
1416429257.32097,pg_catalog,pg_shseclabel,0,0,0,0,0,0,0,0,0,0,0,0,0,0,,,,
1416429257.32097,pg_catalog,pg_event_trigger,0,0,152,0,0,0,0,0,0,0,0,0,28,124,,,,
1416429257.32097,pg_catalog,pg_foreign_table,0,0,0,0,0,0,0,0,0,0,0,0,0,0,,,,
1416429257.32097,pg_catalog,pg_extension,0,0,0,0,0,0,0,0,0,0,0,0,0,0,,,,
1416429257.32097,pg_catalog,pg_ts_config,0,0,0,0,0,0,0,0,0,0,0,0,0,0,,,,
1416429257.32097,pg_catalog,pg_shdescription,0,0,0,0,0,0,0,0,0,0,0,0,0,0,0,0,0,0
1416429257.32097,pg_catalog,pg_cast,0,0,73067,18180,0,0,0,0,0,0,63,18117,39,75107,,,,
1416429257.32097,pg_catalog,pg_amop,0,0,19930,34386,0,0,0,0,0,0,102,33019,223,42358,,,,
1416429257.32097,pg_catalog,pg_user_mapping,0,0,0,0,0,0,0,0,0,0,0,0,0,0,,,,
1416429257.32097,pg_catalog,pg_type,0,0,50080,49531,150,0,131,0,364,6,191,49848,397,103235,,,,
1416429257.32097,information_schema,sql_parts,0,0,,,0,0,0,0,0,0,0,0,,,0,0,0,0
1416429257.32097,pg_catalog,pg_largeobject,0,0,0,0,0,0,0,0,0,0,0,0,0,0,,,,
1416429257.32097,pg_catalog,pg_ts_config_map,0,0,0,0,0,0,0,0,0,0,0,0,0,0,,,,
1416429257.32097,pg_catalog,pg_largeobject_metadata,0,0,0,0,0,0,0,0,0,0,0,0,0,0,,,,
1416429257.32097,pg_catalog,pg_am,3288,3288,0,0,0,0,0,0,0,0,18,3270,0,0,,,,
1416429257.32097,public,time_statistics,48,1770,,,75,48,0,48,75,48,4,168,,,,,,
1416429257.32097,pg_toast,pg_toast_12718,0,0,0,0,0,0,0,0,0,0,0,0,0,0,,,,
1416429257.32097,pg_catalog,pg_ts_template,0,0,0,0,0,0,0,0,0,0,0,0,0,0,,,,
1416429257.32097,pg_catalog,pg_foreign_server,0,0,0,0,0,0,0,0,0,0,0,0,0,0,,,,
1416429257.32097,pg_catalog,pg_namespace,152,1246,9100,6927,4,0,0,0,4,0,26,7064,97,11376,,,,
1416429257.32097,pg_toast,pg_toast_2619,0,0,8702,29904,529,0,279,0,263,20,2155,11951,87,10182,,,,
1416429257.32097,pg_catalog,pg_authid,68,68,4386,4386,0,0,0,0,0,0,18,4436,80,8692,,,,
1416429257.32097,pg_catalog,pg_default_acl,0,0,304,0,0,0,0,0,0,0,0,0,26,278,,,,
1416429257.32097,pg_catalog,pg_shdepend,0,0,371,81,0,0,0,0,0,0,28,53,115,400,,,,
1416429257.32097,pg_catalog,pg_constraint,0,0,24,8,16,0,8,0,8,8,9,72,16,144,0,0,0,0
1416429257.32097,pg_catalog,pg_index,376,37915,25494,36908,71,0,43,0,143,43,197,28069,118,29087,,,,
1416429257.32097,pg_catalog,pg_ts_dict,0,0,0,0,0,0,0,0,0,0,0,0,0,0,,,,
1416429257.32097,pg_toast,pg_toast_2604,0,0,0,0,0,0,0,0,0,0,0,0,0,0,,,,
1416429257.32097,pg_catalog,pg_proc,0,0,20202,30554,0,0,0,0,0,0,1460,20510,574,43885,0,0,0,0
1416429317.33792,pg_catalog,pg_attrdef,0,0,0,0,0,0,0,0,0,0,0,0,0,0,0,0,0,0
1416429317.33792,pg_catalog,pg_db_role_setting,0,0,9556,0,0,0,0,0,0,0,0,0,19,9537,0,0,0,0
1416429317.33792,pg_toast,pg_toast_12713,0,0,0,0,0,0,0,0,0,0,0,0,0,0,,,,
1416429317.33792,pg_catalog,pg_rowsecurity,0,0,0,0,0,0,0,0,0,0,0,0,0,0,,,,
1416429317.33792,pg_catalog,pg_description,0,0,305,0,0,0,0,0,0,0,0,0,96,584,0,0,0,0
1416429317.33792,pg_catalog,pg_foreign_data_wrapper,0,0,0,0,0,0,0,0,0,0,0,0,0,0,,,,
1416429317.33792,pg_catalog,pg_conversion,0,0,0,0,0,0,0,0,0,0,0,0,0,0,,,,
1416429317.33792,pg_catalog,pg_class,769,177600,60784,56303,152,44,114,43,341,12,356,62630,408,127107,,,,
1416429317.33792,information_schema,sql_implementation_info,0,0,,,0,0,0,0,0,0,0,0,,,0,0,0,0
1416429317.33792,pg_catalog,pg_opfamily,0,0,0,0,0,0,0,0,0,0,0,0,0,0,,,,
1416429317.33792,pg_catalog,pg_auth_members,0,0,0,0,0,0,0,0,0,0,0,0,0,0,,,,
1416429317.33792,pg_catalog,pg_operator,0,0,18513,91004,0,0,0,0,0,0,333,63762,283,40145,,,,
1416429317.33792,public,supplier,36,1000000,3416137,5583931,100000,0,0,0,100000,0,19936,3479657,1912,6849984,,,,
1416429317.33792,information_schema,sql_languages,0,0,,,0,0,0,0,0,0,0,0,,,0,0,0,0
1416429317.33792,pg_toast,pg_toast_12693,0,0,0,0,0,0,0,0,0,0,0,0,0,0,,,,
1416429317.33792,pg_catalog,pg_attribute,176,1200,49523,110671,572,20,394,5,2514,430,901,57709,324,103875,,,,
1416429317.33792,public,customer,68,24000000,499,54272773,1500000,0,0,0,1500000,0,325489,1907966,24036,1826,,,,
1416429317.33792,pg_toast,pg_toast_12698,0,0,0,0,0,0,0,0,0,0,0,0,0,0,,,,
1416429317.33792,pg_catalog,pg_tablespace,2,4,1642,1642,0,0,0,0,0,0,27,1617,60,3236,,,,
1416429317.33792,pg_catalog,pg_statistic,0,0,12897,12222,148,213,82,52,467,111,574,12628,110,27986,2253,12168,87,10422
1416429317.33792,pg_toast,pg_toast_12703,0,0,0,0,0,0,0,0,0,0,0,0,0,0,,,,
1416429317.33792,information_schema,sql_packages,0,0,,,0,0,0,0,0,0,0,0,,,0,0,0,0
1416429317.33792,information_schema,sql_sizing_profiles,0,0,,,0,0,0,0,0,0,0,0,,,0,0,0,0
1416429317.33792,pg_catalog,pg_aggregate,0,0,1312,1312,0,0,0,0,0,0,57,1255,133,2157,,,,
1416429317.33792,public,lineitem,117,1860335282,13295934,1254949337,60225420,0,180117,0,60045447,180117,30102844,66475922,1943185,55946436,,,,
1416429317.33792,pg_catalog,pg_inherits,0,0,70,0,0,0,0,0,0,0,0,0,34,36,,,,
1416429317.33792,pg_catalog,pg_enum,0,0,0,0,0,0,0,0,0,0,0,0,0,0,,,,
1416429317.33792,pg_toast,pg_toast_2396,0,0,0,0,0,0,0,0,0,0,0,0,0,0,,,,
1416429317.33792,pg_catalog,pg_pltemplate,0,0,0,0,0,0,0,0,0,0,0,0,0,0,,,,
1416429317.33792,pg_toast,pg_toast_2618,0,0,287,916,0,0,0,0,0,0,171,183,45,419,,,,
1416429317.33792,pg_toast,pg_toast_3596,0,0,0,0,0,0,0,0,0,0,0,0,0,0,,,,
1416429317.33792,information_schema,sql_features,0,0,,,0,0,0,0,0,0,0,0,,,0,0,0,0
1416429317.33792,public,region,12947,64465,126,126,5,0,0,0,5,0,11,13018,14,161,,,,
1416429317.33792,pg_toast,pg_toast_2606,0,0,0,0,0,0,0,0,0,0,0,0,0,0,,,,
1416429317.33792,pg_toast,pg_toast_12723,0,0,0,0,0,0,0,0,0,0,0,0,0,0,,,,
1416429317.33792,pg_toast,pg_toast_2964,0,0,0,0,0,0,0,0,0,0,0,0,0,0,,,,
1416429317.33792,pg_catalog,pg_database,186,702,7714,7712,1,0,0,0,1,0,10,7889,79,12408,,,,
1416429317.33792,information_schema,sql_sizing,0,0,,,0,0,0,0,0,0,0,0,,,0,0,0,0
1416429317.33792,pg_toast,pg_toast_2620,0,0,0,0,0,0,0,0,0,0,0,0,0,0,,,,
1416429317.33792,public,partsupp,75,80000000,78210,312138,8000000,0,0,0,8000000,0,1395680,1525082,71506,186422,,,,
1416429317.33792,pg_catalog,pg_depend,0,0,3233,3483,638,0,549,0,7106,550,411,3956,695,8639,,,,
1416429317.33792,pg_catalog,pg_language,0,0,0,0,0,0,0,0,0,0,0,0,0,0,,,,
1416429317.33792,public,nation,174,775,52191,52263,25,0,0,0,25,0,11,52221,21,52312,,,,
1416429317.33792,pg_catalog,pg_amproc,32,64,11546,34798,0,0,0,0,0,0,155,11370,81,25345,,,,
1416429317.33792,pg_catalog,pg_collation,0,0,0,0,0,0,0,0,0,0,0,0,0,0,,,,
1416429317.33792,pg_toast,pg_toast_12708,0,0,0,0,0,0,0,0,0,0,0,0,0,0,,,,
1416429317.33792,public,orders,87,270180000,10985617,176120606,15060000,0,45000,0,15015000,45000,3234249,16712250,247207,33237636,,,,
1416429317.33792,pg_catalog,pg_range,0,0,458,0,0,0,0,0,0,0,0,0,138,778,,,,
1416429317.33792,pg_toast,pg_toast_2609,0,0,0,0,0,0,0,0,0,0,0,0,0,0,,,,
1416429317.33792,pg_catalog,pg_opclass,32,32,15886,166676,0,0,0,0,0,0,59,66579,137,19149,,,,
1416429317.33792,public,part,37,22000000,493,8222179,2000000,0,0,0,2000000,0,502756,527839,55314,1701,,,,
1416429317.33792,pg_catalog,pg_rewrite,0,0,661,529,44,0,44,0,110,44,240,532,119,1005,171,183,90,838
1416429317.33792,pg_toast,pg_toast_1255,0,0,0,0,0,0,0,0,0,0,0,0,0,0,,,,
1416429317.33792,pg_catalog,pg_seclabel,0,0,305,0,0,0,0,0,0,0,0,0,31,274,0,0,0,0
1416429317.33792,pg_catalog,pg_ts_parser,0,0,0,0,0,0,0,0,0,0,0,0,0,0,,,,
1416429317.33792,pg_catalog,pg_trigger,0,0,0,0,0,0,0,0,0,0,0,0,0,0,0,0,0,0
1416429317.33792,pg_catalog,pg_shseclabel,0,0,0,0,0,0,0,0,0,0,0,0,0,0,,,,
1416429317.33792,pg_catalog,pg_event_trigger,0,0,156,0,0,0,0,0,0,0,0,0,32,124,,,,
1416429317.33792,pg_catalog,pg_foreign_table,0,0,0,0,0,0,0,0,0,0,0,0,0,0,,,,
1416429317.33792,pg_catalog,pg_extension,0,0,0,0,0,0,0,0,0,0,0,0,0,0,,,,
1416429317.33792,pg_catalog,pg_ts_config,0,0,0,0,0,0,0,0,0,0,0,0,0,0,,,,
1416429317.33792,pg_catalog,pg_shdescription,0,0,0,0,0,0,0,0,0,0,0,0,0,0,0,0,0,0
1416429317.33792,pg_catalog,pg_cast,0,0,75840,18799,0,0,0,0,0,0,65,18734,41,77964,,,,
1416429317.33792,pg_catalog,pg_amop,0,0,20424,35314,0,0,0,0,0,0,106,33893,226,43429,,,,
1416429317.33792,pg_catalog,pg_user_mapping,0,0,0,0,0,0,0,0,0,0,0,0,0,0,,,,
1416429317.33792,pg_catalog,pg_type,0,0,52361,51789,158,0,139,0,364,14,209,52117,411,107925,,,,
1416429317.33792,information_schema,sql_parts,0,0,,,0,0,0,0,0,0,0,0,,,0,0,0,0
1416429317.33792,pg_catalog,pg_largeobject,0,0,0,0,0,0,0,0,0,0,0,0,0,0,,,,
1416429317.33792,pg_catalog,pg_ts_config_map,0,0,0,0,0,0,0,0,0,0,0,0,0,0,,,,
1416429317.33792,pg_catalog,pg_largeobject_metadata,0,0,0,0,0,0,0,0,0,0,0,0,0,0,,,,
1416429317.33792,pg_catalog,pg_am,3404,3404,0,0,0,0,0,0,0,0,19,3385,0,0,,,,
1416429317.33792,public,time_statistics,76,4237,,,103,76,0,73,103,42,10,278,,,,,,
1416429317.33792,pg_toast,pg_toast_12718,0,0,0,0,0,0,0,0,0,0,0,0,0,0,,,,
1416429317.33792,pg_catalog,pg_ts_template,0,0,0,0,0,0,0,0,0,0,0,0,0,0,,,,
1416429317.33792,pg_catalog,pg_foreign_server,0,0,0,0,0,0,0,0,0,0,0,0,0,0,,,,
1416429317.33792,pg_catalog,pg_namespace,154,1266,9500,7240,4,0,0,0,4,0,27,7378,103,11863,,,,
1416429317.33792,pg_toast,pg_toast_2619,0,0,8912,30626,531,0,281,0,263,22,2253,12168,87,10422,,,,
1416429317.33792,pg_catalog,pg_authid,69,69,4571,4571,0,0,0,0,0,0,19,4621,84,9058,,,,
1416429317.33792,pg_catalog,pg_default_acl,0,0,320,0,0,0,0,0,0,0,0,0,29,291,,,,
1416429317.33792,pg_catalog,pg_shdepend,0,0,391,85,0,0,0,0,0,0,32,53,129,414,,,,
1416429317.33792,pg_catalog,pg_constraint,0,0,24,8,16,0,8,0,8,8,9,72,16,144,0,0,0,0
1416429317.33792,pg_catalog,pg_index,388,38637,26232,37970,72,0,44,0,143,44,200,28877,120,29944,,,,
1416429317.33792,pg_catalog,pg_ts_dict,0,0,0,0,0,0,0,0,0,0,0,0,0,0,,,,
1416429317.33792,pg_toast,pg_toast_2604,0,0,0,0,0,0,0,0,0,0,0,0,0,0,,,,
1416429317.33792,pg_catalog,pg_proc,0,0,20883,31526,0,0,0,0,0,0,1523,21176,598,45395,0,0,0,0
1416429377.34256,pg_catalog,pg_attrdef,0,0,0,0,0,0,0,0,0,0,0,0,0,0,0,0,0,0
1416429377.34256,pg_catalog,pg_db_role_setting,0,0,9988,0,0,0,0,0,0,0,0,0,19,9969,0,0,0,0
1416429377.34256,pg_toast,pg_toast_12713,0,0,0,0,0,0,0,0,0,0,0,0,0,0,,,,
1416429377.34256,pg_catalog,pg_rowsecurity,0,0,0,0,0,0,0,0,0,0,0,0,0,0,,,,
1416429377.34256,pg_catalog,pg_description,0,0,321,0,0,0,0,0,0,0,0,0,105,611,0,0,0,0
1416429377.34256,pg_catalog,pg_foreign_data_wrapper,0,0,0,0,0,0,0,0,0,0,0,0,0,0,,,,
1416429377.34256,pg_catalog,pg_conversion,0,0,0,0,0,0,0,0,0,0,0,0,0,0,,,,
1416429377.34256,pg_catalog,pg_class,800,180671,62811,58101,158,46,120,45,337,20,390,64659,431,131409,,,,
1416429377.34256,information_schema,sql_implementation_info,0,0,,,0,0,0,0,0,0,0,0,,,0,0,0,0
1416429377.34256,pg_catalog,pg_opfamily,0,0,0,0,0,0,0,0,0,0,0,0,0,0,,,,
1416429377.34256,pg_catalog,pg_auth_members,0,0,0,0,0,0,0,0,0,0,0,0,0,0,,,,
1416429377.34256,pg_catalog,pg_operator,0,0,19127,95085,0,0,0,0,0,0,334,66522,287,41514,,,,
1416429377.34256,public,supplier,39,1300000,3491264,6699808,100000,0,0,0,100000,0,19936,3584469,1932,7001038,,,,
1416429377.34256,information_schema,sql_languages,0,0,,,0,0,0,0,0,0,0,0,,,0,0,0,0
1416429377.34256,pg_toast,pg_toast_12693,0,0,0,0,0,0,0,0,0,0,0,0,0,0,,,,
1416429377.34256,pg_catalog,pg_attribute,187,1275,51173,114496,592,20,414,5,2514,450,956,59698,344,107366,,,,
1416429377.34256,public,customer,74,33000000,573,84845264,1500000,0,0,0,1500000,0,431311,2789857,25672,1990,,,,
1416429377.34256,pg_toast,pg_toast_12698,0,0,0,0,0,0,0,0,0,0,0,0,0,0,,,,
1416429377.34256,pg_catalog,pg_tablespace,2,4,1712,1712,0,0,0,0,0,0,27,1687,60,3376,,,,
1416429377.34256,pg_catalog,pg_statistic,0,0,13362,12677,150,273,84,73,467,159,608,13241,113,29066,2412,12436,91,10731
1416429377.34256,pg_toast,pg_toast_12703,0,0,0,0,0,0,0,0,0,0,0,0,0,0,,,,
1416429377.34256,information_schema,sql_packages,0,0,,,0,0,0,0,0,0,0,0,,,0,0,0,0
1416429377.34256,information_schema,sql_sizing_profiles,0,0,,,0,0,0,0,0,0,0,0,,,0,0,0,0
1416429377.34256,pg_catalog,pg_aggregate,0,0,1353,1353,0,0,0,0,0,0,59,1294,139,2222,,,,
1416429377.34256,public,lineitem,129,2580822478,18900060,1569669404,60285860,0,299552,0,59986452,299552,37709914,84207087,2498052,78913852,,,,
1416429377.34256,pg_catalog,pg_inherits,0,0,74,0,0,0,0,0,0,0,0,0,37,37,,,,
1416429377.34256,pg_catalog,pg_enum,0,0,0,0,0,0,0,0,0,0,0,0,0,0,,,,
1416429377.34256,pg_toast,pg_toast_2396,0,0,0,0,0,0,0,0,0,0,0,0,0,0,,,,
1416429377.34256,pg_catalog,pg_pltemplate,0,0,0,0,0,0,0,0,0,0,0,0,0,0,,,,
1416429377.34256,pg_toast,pg_toast_2618,0,0,292,932,0,0,0,0,0,0,176,184,47,425,,,,
1416429377.34256,pg_toast,pg_toast_3596,0,0,0,0,0,0,0,0,0,0,0,0,0,0,,,,
1416429377.34256,information_schema,sql_features,0,0,,,0,0,0,0,0,0,0,0,,,0,0,0,0
1416429377.34256,public,region,19402,96735,138,138,5,0,0,0,5,0,14,19481,24,168,,,,
1416429377.34256,pg_toast,pg_toast_2606,0,0,0,0,0,0,0,0,0,0,0,0,0,0,,,,
1416429377.34256,pg_toast,pg_toast_12723,0,0,0,0,0,0,0,0,0,0,0,0,0,0,,,,
1416429377.34256,pg_toast,pg_toast_2964,0,0,0,0,0,0,0,0,0,0,0,0,0,0,,,,
1416429377.34256,pg_catalog,pg_database,189,714,8056,8054,1,0,0,0,1,0,10,8234,79,12966,,,,
1416429377.34256,information_schema,sql_sizing,0,0,,,0,0,0,0,0,0,0,0,,,0,0,0,0
1416429377.34256,pg_toast,pg_toast_2620,0,0,0,0,0,0,0,0,0,0,0,0,0,0,,,,
1416429377.34256,public,partsupp,80,120000000,84667,337942,8000000,0,0,0,8000000,0,2216737,1565997,75931,201476,,,,
1416429377.34256,pg_catalog,pg_depend,0,0,3383,3635,664,0,575,0,7106,576,446,4115,752,8994,,,,
1416429377.34256,pg_catalog,pg_language,0,0,0,0,0,0,0,0,0,0,0,0,0,0,,,,
1416429377.34256,public,nation,186,1075,78043,78163,25,0,0,0,25,0,14,78082,31,78164,,,,
1416429377.34256,pg_catalog,pg_amproc,34,68,11996,36037,0,0,0,0,0,0,164,11808,82,26352,,,,
1416429377.34256,pg_catalog,pg_collation,0,0,0,0,0,0,0,0,0,0,0,0,0,0,,,,
1416429377.34256,pg_toast,pg_toast_12708,0,0,0,0,0,0,0,0,0,0,0,0,0,0,,,,
1416429377.34256,public,orders,97,420330000,14810238,224975224,15075000,0,75000,0,15000000,75000,3921106,23187234,264138,44820885,,,,
1416429377.34256,pg_catalog,pg_range,0,0,494,0,0,0,0,0,0,0,0,0,142,846,,,,
1416429377.34256,pg_toast,pg_toast_2609,0,0,0,0,0,0,0,0,0,0,0,0,0,0,,,,
1416429377.34256,pg_catalog,pg_opclass,34,34,16443,172472,0,0,0,0,0,0,61,68884,142,19837,,,,
1416429377.34256,public,part,37,22000000,563,14285084,2000000,0,0,0,2000000,0,664946,540873,61227,1829,,,,
1416429377.34256,pg_catalog,pg_rewrite,0,0,680,542,46,0,46,0,110,46,252,544,129,1027,176,184,94,850
1416429377.34256,pg_toast,pg_toast_1255,0,0,0,0,0,0,0,0,0,0,0,0,0,0,,,,
1416429377.34256,pg_catalog,pg_seclabel,0,0,321,0,0,0,0,0,0,0,0,0,34,287,0,0,0,0
1416429377.34256,pg_catalog,pg_ts_parser,0,0,0,0,0,0,0,0,0,0,0,0,0,0,,,,
1416429377.34256,pg_catalog,pg_trigger,0,0,0,0,0,0,0,0,0,0,0,0,0,0,0,0,0,0
1416429377.34256,pg_catalog,pg_shseclabel,0,0,0,0,0,0,0,0,0,0,0,0,0,0,,,,
1416429377.34256,pg_catalog,pg_event_trigger,0,0,160,0,0,0,0,0,0,0,0,0,36,124,,,,
1416429377.34256,pg_catalog,pg_foreign_table,0,0,0,0,0,0,0,0,0,0,0,0,0,0,,,,
1416429377.34256,pg_catalog,pg_extension,0,0,0,0,0,0,0,0,0,0,0,0,0,0,,,,
1416429377.34256,pg_catalog,pg_ts_config,0,0,0,0,0,0,0,0,0,0,0,0,0,0,,,,
1416429377.34256,pg_catalog,pg_shdescription,0,0,0,0,0,0,0,0,0,0,0,0,0,0,0,0,0,0
1416429377.34256,pg_catalog,pg_cast,0,0,79473,19507,0,0,0,0,0,0,65,19442,41,81702,,,,
1416429377.34256,pg_catalog,pg_amop,0,0,21101,36568,0,0,0,0,0,0,107,35083,235,44880,,,,
1416429377.34256,pg_catalog,pg_user_mapping,0,0,0,0,0,0,0,0,0,0,0,0,0,0,,,,
1416429377.34256,pg_catalog,pg_type,0,0,54994,54394,166,0,147,0,360,22,232,54737,435,113327,,,,
1416429377.34256,information_schema,sql_parts,0,0,,,0,0,0,0,0,0,0,0,,,0,0,0,0
1416429377.34256,pg_catalog,pg_largeobject,0,0,0,0,0,0,0,0,0,0,0,0,0,0,,,,
1416429377.34256,pg_catalog,pg_ts_config_map,0,0,0,0,0,0,0,0,0,0,0,0,0,0,,,,
1416429377.34256,pg_catalog,pg_largeobject_metadata,0,0,0,0,0,0,0,0,0,0,0,0,0,0,,,,
1416429377.34256,pg_catalog,pg_am,3546,3546,0,0,0,0,0,0,0,0,19,3527,0,0,,,,
1416429377.34256,public,time_statistics,110,8295,,,137,110,0,105,137,53,14,448,,,,,,
1416429377.34256,pg_toast,pg_toast_12718,0,0,0,0,0,0,0,0,0,0,0,0,0,0,,,,
1416429377.34256,pg_catalog,pg_ts_template,0,0,0,0,0,0,0,0,0,0,0,0,0,0,,,,
1416429377.34256,pg_catalog,pg_foreign_server,0,0,0,0,0,0,0,0,0,0,0,0,0,0,,,,
1416429377.34256,pg_catalog,pg_namespace,156,1286,9950,7583,4,0,0,0,4,0,27,7723,110,12418,,,,
1416429377.34256,pg_toast,pg_toast_2619,0,0,9182,31522,539,0,289,0,263,30,2412,12436,91,10731,,,,
1416429377.34256,pg_catalog,pg_authid,70,70,4784,4784,0,0,0,0,0,0,19,4835,84,9484,,,,
1416429377.34256,pg_catalog,pg_default_acl,0,0,336,0,0,0,0,0,0,0,0,0,31,305,,,,
1416429377.34256,pg_catalog,pg_shdepend,0,0,411,89,0,0,0,0,0,0,36,53,143,428,,,,
1416429377.34256,pg_catalog,pg_constraint,0,0,24,8,16,0,8,0,8,8,9,72,16,144,0,0,0,0
1416429377.34256,pg_catalog,pg_index,400,39359,27130,39248,74,0,46,0,143,46,206,29847,123,30989,,,,
1416429377.34256,pg_catalog,pg_ts_dict,0,0,0,0,0,0,0,0,0,0,0,0,0,0,,,,
1416429377.34256,pg_toast,pg_toast_2604,0,0,0,0,0,0,0,0,0,0,0,0,0,0,,,,
1416429377.34256,pg_catalog,pg_proc,0,0,21636,32601,0,0,0,0,0,0,1603,21897,625,47085,0,0,0,0
1416429437.34388,pg_catalog,pg_attrdef,0,0,0,0,0,0,0,0,0,0,0,0,0,0,0,0,0,0
1416429437.34388,pg_catalog,pg_db_role_setting,0,0,10296,0,0,0,0,0,0,0,0,0,20,10276,0,0,0,0
1416429437.34388,pg_toast,pg_toast_12713,0,0,0,0,0,0,0,0,0,0,0,0,0,0,,,,
1416429437.34388,pg_catalog,pg_rowsecurity,0,0,0,0,0,0,0,0,0,0,0,0,0,0,,,,
1416429437.34388,pg_catalog,pg_description,0,0,325,0,0,0,0,0,0,0,0,0,108,617,0,0,0,0
1416429437.34388,pg_catalog,pg_foreign_data_wrapper,0,0,0,0,0,0,0,0,0,0,0,0,0,0,,,,
1416429437.34388,pg_catalog,pg_conversion,0,0,0,0,0,0,0,0,0,0,0,0,0,0,,,,
1416429437.34388,pg_catalog,pg_class,822,183733,64228,59382,160,46,122,45,337,21,414,66074,447,134395,,,,
1416429437.34388,information_schema,sql_implementation_info,0,0,,,0,0,0,0,0,0,0,0,,,0,0,0,0
1416429437.34388,pg_catalog,pg_opfamily,0,0,0,0,0,0,0,0,0,0,0,0,0,0,,,,
1416429437.34388,pg_catalog,pg_auth_members,0,0,0,0,0,0,0,0,0,0,0,0,0,0,,,,
1416429437.34388,pg_catalog,pg_operator,0,0,19549,98080,0,0,0,0,0,0,349,68551,305,42445,,,,
1416429437.34388,public,supplier,40,1400000,6770338,11078926,100000,0,0,0,100000,0,22113,6887557,2236,13577102,,,,
1416429437.34388,information_schema,sql_languages,0,0,,,0,0,0,0,0,0,0,0,,,0,0,0,0
1416429437.34388,pg_toast,pg_toast_12693,0,0,0,0,0,0,0,0,0,0,0,0,0,0,,,,
1416429437.34388,pg_catalog,pg_attribute,198,1350,52269,117100,600,20,422,5,2514,458,1001,61054,359,109664,,,,
1416429437.34388,public,customer,78,39000000,605,85417576,1500000,0,0,0,1500000,0,537039,2895711,27290,2052,,,,
1416429437.34388,pg_toast,pg_toast_12698,0,0,0,0,0,0,0,0,0,0,0,0,0,0,,,,
1416429437.34388,pg_catalog,pg_tablespace,2,4,1760,1760,0,0,0,0,0,0,28,1734,62,3470,,,,
1416429437.34388,pg_catalog,pg_statistic,0,0,13632,12940,151,276,85,76,468,65,658,13529,120,29655,2535,12582,98,10927
1416429437.34388,pg_toast,pg_toast_12703,0,0,0,0,0,0,0,0,0,0,0,0,0,0,,,,
1416429437.34388,information_schema,sql_packages,0,0,,,0,0,0,0,0,0,0,0,,,0,0,0,0
1416429437.34388,information_schema,sql_sizing_profiles,0,0,,,0,0,0,0,0,0,0,0,,,0,0,0,0
1416429437.34388,pg_catalog,pg_aggregate,0,0,1379,1379,0,0,0,0,0,0,64,1315,150,2257,,,,
1416429437.34388,public,lineitem,138,3121175668,21276218,1713655508,60405001,0,359691,0,60045454,359691,45355268,108698796,3037475,90035726,,,,
1416429437.34388,pg_catalog,pg_inherits,0,0,75,0,0,0,0,0,0,0,0,0,38,37,,,,
1416429437.34388,pg_catalog,pg_enum,0,0,0,0,0,0,0,0,0,0,0,0,0,0,,,,
1416429437.34388,pg_toast,pg_toast_2396,0,0,0,0,0,0,0,0,0,0,0,0,0,0,,,,
1416429437.34388,pg_catalog,pg_pltemplate,0,0,0,0,0,0,0,0,0,0,0,0,0,0,,,,
1416429437.34388,pg_toast,pg_toast_2618,0,0,297,948,0,0,0,0,0,0,181,185,49,431,,,,
1416429437.34388,pg_toast,pg_toast_3596,0,0,0,0,0,0,0,0,0,0,0,0,0,0,,,,
1416429437.34388,information_schema,sql_features,0,0,,,0,0,0,0,0,0,0,0,,,0,0,0,0
1416429437.34388,public,region,25565,127545,142,142,5,0,0,0,5,0,15,25646,26,171,,,,
1416429437.34388,pg_toast,pg_toast_2606,0,0,0,0,0,0,0,0,0,0,0,0,0,0,,,,
1416429437.34388,pg_toast,pg_toast_12723,0,0,0,0,0,0,0,0,0,0,0,0,0,0,,,,
1416429437.34388,pg_toast,pg_toast_2964,0,0,0,0,0,0,0,0,0,0,0,0,0,0,,,,
1416429437.34388,pg_catalog,pg_database,192,726,8306,8304,1,0,0,0,1,0,11,8486,83,13366,,,,
1416429437.34388,information_schema,sql_sizing,0,0,,,0,0,0,0,0,0,0,0,,,0,0,0,0
1416429437.34388,pg_toast,pg_toast_2620,0,0,0,0,0,0,0,0,0,0,0,0,0,0,,,,
1416429437.34388,public,partsupp,87,176000000,134083,535552,8000000,0,0,0,8000000,0,3189152,1845419,108241,318217,,,,
1416429437.34388,pg_catalog,pg_depend,0,0,3414,3659,668,0,579,0,7106,580,453,4142,771,9055,,,,
1416429437.34388,pg_catalog,pg_language,0,0,0,0,0,0,0,0,0,0,0,0,0,0,,,,
1416429437.34388,public,nation,196,1325,102717,102837,25,0,0,0,25,0,15,102765,39,102837,,,,
1416429437.34388,pg_catalog,pg_amproc,36,72,12300,36865,0,0,0,0,0,0,176,12100,87,27030,,,,
1416429437.34388,pg_catalog,pg_collation,0,0,0,0,0,0,0,0,0,0,0,0,0,0,,,,
1416429437.34388,pg_toast,pg_toast_12708,0,0,0,0,0,0,0,0,0,0,0,0,0,0,,,,
1416429437.34388,public,orders,104,525435000,18064639,243244624,15105000,0,90000,0,15015000,90000,4736971,27679124,303084,54773457,,,,
1416429437.34388,pg_catalog,pg_range,0,0,517,0,0,0,0,0,0,0,0,0,160,874,,,,
1416429437.34388,pg_toast,pg_toast_2609,0,0,0,0,0,0,0,0,0,0,0,0,0,0,,,,
1416429437.34388,pg_catalog,pg_opclass,36,36,16802,175886,0,0,0,0,0,0,65,70277,149,20285,,,,
1416429437.34388,public,part,38,24000000,612,18354499,2000000,0,0,0,2000000,0,833424,548657,67229,1901,,,,
1416429437.34388,pg_catalog,pg_rewrite,0,0,687,549,46,0,46,0,110,46,257,546,131,1037,181,185,98,862
1416429437.34388,pg_toast,pg_toast_1255,0,0,0,0,0,0,0,0,0,0,0,0,0,0,,,,
1416429437.34388,pg_catalog,pg_seclabel,0,0,325,0,0,0,0,0,0,0,0,0,35,290,0,0,0,0
1416429437.34388,pg_catalog,pg_ts_parser,0,0,0,0,0,0,0,0,0,0,0,0,0,0,,,,
1416429437.34388,pg_catalog,pg_trigger,0,0,0,0,0,0,0,0,0,0,0,0,0,0,0,0,0,0
1416429437.34388,pg_catalog,pg_shseclabel,0,0,0,0,0,0,0,0,0,0,0,0,0,0,,,,
1416429437.34388,pg_catalog,pg_event_trigger,0,0,161,0,0,0,0,0,0,0,0,0,37,124,,,,
1416429437.34388,pg_catalog,pg_foreign_table,0,0,0,0,0,0,0,0,0,0,0,0,0,0,,,,
1416429437.34388,pg_catalog,pg_extension,0,0,0,0,0,0,0,0,0,0,0,0,0,0,,,,
1416429437.34388,pg_catalog,pg_ts_config,0,0,0,0,0,0,0,0,0,0,0,0,0,0,,,,
1416429437.34388,pg_catalog,pg_shdescription,0,0,0,0,0,0,0,0,0,0,0,0,0,0,0,0,0,0
1416429437.34388,pg_catalog,pg_cast,0,0,81841,20001,0,0,0,0,0,0,71,19930,43,84140,,,,
1416429437.34388,pg_catalog,pg_amop,0,0,21528,37363,0,0,0,0,0,0,113,35827,253,45789,,,,
1416429437.34388,pg_catalog,pg_user_mapping,0,0,0,0,0,0,0,0,0,0,0,0,0,0,,,,
1416429437.34388,pg_catalog,pg_type,0,0,56847,56239,168,0,149,0,360,24,246,56575,453,117110,,,,
1416429437.34388,information_schema,sql_parts,0,0,,,0,0,0,0,0,0,0,0,,,0,0,0,0
1416429437.34388,pg_catalog,pg_largeobject,0,0,0,0,0,0,0,0,0,0,0,0,0,0,,,,
1416429437.34388,pg_catalog,pg_ts_config_map,0,0,0,0,0,0,0,0,0,0,0,0,0,0,,,,
1416429437.34388,pg_catalog,pg_largeobject_metadata,0,0,0,0,0,0,0,0,0,0,0,0,0,0,,,,
1416429437.34388,pg_catalog,pg_am,3644,3644,0,0,0,0,0,0,0,0,20,3624,0,0,,,,
1416429437.34388,public,time_statistics,133,11698,,,160,133,0,128,160,63,33,546,,,,,,
1416429437.34388,pg_toast,pg_toast_12718,0,0,0,0,0,0,0,0,0,0,0,0,0,0,,,,
1416429437.34388,pg_catalog,pg_ts_template,0,0,0,0,0,0,0,0,0,0,0,0,0,0,,,,
1416429437.34388,pg_catalog,pg_foreign_server,0,0,0,0,0,0,0,0,0,0,0,0,0,0,,,,
1416429437.34388,pg_catalog,pg_namespace,158,1306,10306,7865,4,0,0,0,4,0,28,8006,114,12847,,,,
1416429437.34388,pg_toast,pg_toast_2619,0,0,9360,32122,541,0,291,0,263,32,2535,12582,98,10927,,,,
1416429437.34388,pg_catalog,pg_authid,71,71,4935,4935,0,0,0,0,0,0,20,4986,88,9782,,,,
1416429437.34388,pg_catalog,pg_default_acl,0,0,340,0,0,0,0,0,0,0,0,0,32,308,,,,
1416429437.34388,pg_catalog,pg_shdepend,0,0,416,90,0,0,0,0,0,0,37,53,147,431,,,,
1416429437.34388,pg_catalog,pg_constraint,0,0,24,8,16,0,8,0,8,8,9,72,16,144,0,0,0,0
1416429437.34388,pg_catalog,pg_index,412,40081,27714,40062,75,0,47,0,143,47,216,30482,131,31670,,,,
1416429437.34388,pg_catalog,pg_ts_dict,0,0,0,0,0,0,0,0,0,0,0,0,0,0,,,,
1416429437.34388,pg_toast,pg_toast_2604,0,0,0,0,0,0,0,0,0,0,0,0,0,0,,,,
1416429437.34388,pg_catalog,pg_proc,0,0,22154,33325,0,0,0,0,0,0,1705,22338,655,48236,0,0,0,0
1416429497.3441,pg_catalog,pg_attrdef,0,0,0,0,0,0,0,0,0,0,0,0,0,0,0,0,0,0
1416429497.3441,pg_catalog,pg_db_role_setting,0,0,10648,0,0,0,0,0,0,0,0,0,23,10625,0,0,0,0
1416429497.3441,pg_toast,pg_toast_12713,0,0,0,0,0,0,0,0,0,0,0,0,0,0,,,,
1416429497.3441,pg_catalog,pg_rowsecurity,0,0,0,0,0,0,0,0,0,0,0,0,0,0,,,,
1416429497.3441,pg_catalog,pg_description,0,0,333,0,0,0,0,0,0,0,0,0,111,632,0,0,0,0
1416429497.3441,pg_catalog,pg_foreign_data_wrapper,0,0,0,0,0,0,0,0,0,0,0,0,0,0,,,,
1416429497.3441,pg_catalog,pg_conversion,0,0,0,0,0,0,0,0,0,0,0,0,0,0,,,,
1416429497.3441,pg_catalog,pg_class,833,187120,65841,60834,163,47,125,45,337,25,460,67613,487,137796,,,,
1416429497.3441,information_schema,sql_implementation_info,0,0,,,0,0,0,0,0,0,0,0,,,0,0,0,0
1416429497.3441,pg_catalog,pg_opfamily,0,0,0,0,0,0,0,0,0,0,0,0,0,0,,,,
1416429497.3441,pg_catalog,pg_auth_members,0,0,0,0,0,0,0,0,0,0,0,0,0,0,,,,
1416429497.3441,pg_catalog,pg_operator,0,0,20090,101650,0,0,0,0,0,0,406,70903,344,43613,,,,
1416429497.3441,public,supplier,42,1600000,13362830,18155435,100000,0,0,0,100000,0,22113,13495224,2253,26797377,,,,
1416429497.3441,information_schema,sql_languages,0,0,,,0,0,0,0,0,0,0,0,,,0,0,0,0
1416429497.3441,pg_toast,pg_toast_12693,0,0,0,0,0,0,0,0,0,0,0,0,0,0,,,,
1416429497.3441,pg_catalog,pg_attribute,198,1350,53546,120008,610,20,432,5,2514,468,1063,62453,393,112333,,,,
1416429497.3441,public,customer,82,45000000,694,109635905,1500000,0,0,0,1500000,0,757004,3557411,32127,2196,,,,
1416429497.3441,pg_toast,pg_toast_12698,0,0,0,0,0,0,0,0,0,0,0,0,0,0,,,,
1416429497.3441,pg_catalog,pg_tablespace,2,4,1817,1817,0,0,0,0,0,0,34,1785,74,3572,,,,
1416429497.3441,pg_catalog,pg_statistic,0,0,13980,13278,152,276,86,76,468,63,698,13833,135,30400,2669,12786,108,11179
1416429497.3441,pg_toast,pg_toast_12703,0,0,0,0,0,0,0,0,0,0,0,0,0,0,,,,
1416429497.3441,information_schema,sql_packages,0,0,,,0,0,0,0,0,0,0,0,,,0,0,0,0
1416429497.3441,information_schema,sql_sizing_profiles,0,0,,,0,0,0,0,0,0,0,0,,,0,0,0,0
1416429497.3441,pg_catalog,pg_aggregate,0,0,1422,1422,0,0,0,0,0,0,70,1352,165,2311,,,,
1416429497.3441,public,lineitem,148,3721512235,23829369,2047412835,60464756,0,420092,0,60044808,420092,55209068,143801292,3575522,100855836,,,,
1416429497.3441,pg_catalog,pg_inherits,0,0,77,0,0,0,0,0,0,0,0,0,39,38,,,,
1416429497.3441,pg_catalog,pg_enum,0,0,0,0,0,0,0,0,0,0,0,0,0,0,,,,
1416429497.3441,pg_toast,pg_toast_2396,0,0,0,0,0,0,0,0,0,0,0,0,0,0,,,,
1416429497.3441,pg_catalog,pg_pltemplate,0,0,0,0,0,0,0,0,0,0,0,0,0,0,,,,
1416429497.3441,pg_toast,pg_toast_2618,0,0,303,966,0,0,0,0,0,0,187,186,53,437,,,,
1416429497.3441,pg_toast,pg_toast_3596,0,0,0,0,0,0,0,0,0,0,0,0,0,0,,,,
1416429497.3441,information_schema,sql_features,0,0,,,0,0,0,0,0,0,0,0,,,0,0,0,0
1416429497.3441,public,region,25568,127560,148,148,5,0,0,0,5,0,17,25653,31,175,,,,
1416429497.3441,pg_toast,pg_toast_2606,0,0,0,0,0,0,0,0,0,0,0,0,0,0,,,,
1416429497.3441,pg_toast,pg_toast_12723,0,0,0,0,0,0,0,0,0,0,0,0,0,0,,,,
1416429497.3441,pg_toast,pg_toast_2964,0,0,0,0,0,0,0,0,0,0,0,0,0,0,,,,
1416429497.3441,pg_catalog,pg_database,195,738,8588,8586,1,0,0,0,1,0,14,8768,95,13812,,,,
1416429497.3441,information_schema,sql_sizing,0,0,,,0,0,0,0,0,0,0,0,,,0,0,0,0
1416429497.3441,pg_toast,pg_toast_2620,0,0,0,0,0,0,0,0,0,0,0,0,0,0,,,,
1416429497.3441,public,partsupp,94,232000000,134101,535570,8000000,0,0,0,8000000,0,4083565,2147730,108254,318263,,,,
1416429497.3441,pg_catalog,pg_depend,0,0,3489,3735,681,0,592,0,7106,593,475,4214,814,9218,,,,
1416429497.3441,pg_catalog,pg_language,0,0,0,0,0,0,0,0,0,0,0,0,0,0,,,,
1416429497.3441,public,nation,209,1650,102760,102904,25,0,0,0,25,0,18,102818,49,102879,,,,
1416429497.3441,pg_catalog,pg_amproc,36,72,12669,37887,0,0,0,0,0,0,193,12441,98,27849,,,,
1416429497.3441,pg_catalog,pg_collation,0,0,0,0,0,0,0,0,0,0,0,0,0,0,,,,
1416429497.3441,pg_toast,pg_toast_12708,0,0,0,0,0,0,0,0,0,0,0,0,0,0,,,,
1416429497.3441,public,orders,115,690540000,25405876,265600860,15120000,0,105000,0,15015000,105000,6594989,36238624,304709,76941049,,,,
1416429497.3441,pg_catalog,pg_range,0,0,547,0,0,0,0,0,0,0,0,0,176,918,,,,
1416429497.3441,pg_toast,pg_toast_2609,0,0,0,0,0,0,0,0,0,0,0,0,0,0,,,,
1416429497.3441,pg_catalog,pg_opclass,36,36,17228,179805,0,0,0,0,0,0,74,71890,170,20809,,,,
1416429497.3441,public,part,42,32000000,652,20381086,2000000,0,0,0,2000000,0,1039874,567480,67416,2008,,,,
1416429497.3441,pg_catalog,pg_rewrite,0,0,702,561,47,0,47,0,110,47,266,553,141,1053,187,186,106,874
1416429497.3441,pg_toast,pg_toast_1255,0,0,0,0,0,0,0,0,0,0,0,0,0,0,,,,
1416429497.3441,pg_catalog,pg_seclabel,0,0,333,0,0,0,0,0,0,0,0,0,36,297,0,0,0,0
1416429497.3441,pg_catalog,pg_ts_parser,0,0,0,0,0,0,0,0,0,0,0,0,0,0,,,,
1416429497.3441,pg_catalog,pg_trigger,0,0,0,0,0,0,0,0,0,0,0,0,0,0,0,0,0,0
1416429497.3441,pg_catalog,pg_shseclabel,0,0,0,0,0,0,0,0,0,0,0,0,0,0,,,,
1416429497.3441,pg_catalog,pg_event_trigger,0,0,163,0,0,0,0,0,0,0,0,0,39,124,,,,
1416429497.3441,pg_catalog,pg_foreign_table,0,0,0,0,0,0,0,0,0,0,0,0,0,0,,,,
1416429497.3441,pg_catalog,pg_extension,0,0,0,0,0,0,0,0,0,0,0,0,0,0,,,,
1416429497.3441,pg_catalog,pg_ts_config,0,0,0,0,0,0,0,0,0,0,0,0,0,0,,,,
1416429497.3441,pg_catalog,pg_shdescription,0,0,0,0,0,0,0,0,0,0,0,0,0,0,0,0,0,0
1416429497.3441,pg_catalog,pg_cast,0,0,84641,20613,0,0,0,0,0,0,83,20530,51,87021,,,,
1416429497.3441,pg_catalog,pg_amop,0,0,22038,38345,0,0,0,0,0,0,132,36741,288,46866,,,,
1416429497.3441,pg_catalog,pg_user_mapping,0,0,0,0,0,0,0,0,0,0,0,0,0,0,,,,
1416429497.3441,pg_catalog,pg_type,0,0,59140,58517,172,0,153,0,360,28,275,58840,492,121785,,,,
1416429497.3441,information_schema,sql_parts,0,0,,,0,0,0,0,0,0,0,0,,,0,0,0,0
1416429497.3441,pg_catalog,pg_largeobject,0,0,0,0,0,0,0,0,0,0,0,0,0,0,,,,
1416429497.3441,pg_catalog,pg_ts_config_map,0,0,0,0,0,0,0,0,0,0,0,0,0,0,,,,
1416429497.3441,pg_catalog,pg_largeobject_metadata,0,0,0,0,0,0,0,0,0,0,0,0,0,0,,,,
1416429497.3441,pg_catalog,pg_am,3764,3764,0,0,0,0,0,0,0,0,23,3741,0,0,,,,
1416429497.3441,public,time_statistics,161,16555,,,188,161,0,150,188,71,65,690,,,,,,
1416429497.3441,pg_toast,pg_toast_12718,0,0,0,0,0,0,0,0,0,0,0,0,0,0,,,,
1416429497.3441,pg_catalog,pg_ts_template,0,0,0,0,0,0,0,0,0,0,0,0,0,0,,,,
1416429497.3441,pg_catalog,pg_foreign_server,0,0,0,0,0,0,0,0,0,0,0,0,0,0,,,,
1416429497.3441,pg_catalog,pg_namespace,160,1326,10715,8183,4,0,0,0,4,0,31,8323,124,13340,,,,
1416429497.3441,pg_toast,pg_toast_2619,0,0,9590,32875,543,0,293,0,263,34,2669,12786,108,11179,,,,
1416429497.3441,pg_catalog,pg_authid,72,72,5107,5107,0,0,0,0,0,0,23,5156,100,10114,,,,
1416429497.3441,pg_catalog,pg_default_acl,0,0,348,0,0,0,0,0,0,0,0,0,34,314,,,,
1416429497.3441,pg_catalog,pg_shdepend,0,0,426,92,0,0,0,0,0,0,39,53,153,439,,,,
1416429497.3441,pg_catalog,pg_constraint,0,0,24,8,16,0,8,0,8,8,9,72,16,144,0,0,0,0
1416429497.3441,pg_catalog,pg_index,417,40796,28394,41038,76,0,48,0,143,48,236,31197,145,32464,,,,
1416429497.3441,pg_catalog,pg_ts_dict,0,0,0,0,0,0,0,0,0,0,0,0,0,0,,,,
1416429497.3441,pg_toast,pg_toast_2604,0,0,0,0,0,0,0,0,0,0,0,0,0,0,,,,
1416429497.3441,pg_catalog,pg_proc,0,0,22853,34342,0,0,0,0,0,0,1849,22948,736,49733,0,0,0,0
1416429557.3453,pg_catalog,pg_attrdef,0,0,0,0,0,0,0,0,0,0,0,0,0,0,0,0,0,0
1416429557.3453,pg_catalog,pg_db_role_setting,0,0,11096,0,0,0,0,0,0,0,0,0,25,11071,0,0,0,0
1416429557.3453,pg_toast,pg_toast_12713,0,0,0,0,0,0,0,0,0,0,0,0,0,0,,,,
1416429557.3453,pg_catalog,pg_rowsecurity,0,0,0,0,0,0,0,0,0,0,0,0,0,0,,,,
1416429557.3453,pg_catalog,pg_description,0,0,349,0,0,0,0,0,0,0,0,0,123,656,0,0,0,0
1416429557.3453,pg_catalog,pg_foreign_data_wrapper,0,0,0,0,0,0,0,0,0,0,0,0,0,0,,,,
1416429557.3453,pg_catalog,pg_conversion,0,0,0,0,0,0,0,0,0,0,0,0,0,0,,,,
1416429557.3453,pg_catalog,pg_class,842,189833,67771,62571,169,49,131,46,337,33,496,69441,519,141887,,,,
1416429557.3453,information_schema,sql_implementation_info,0,0,,,0,0,0,0,0,0,0,0,,,0,0,0,0
1416429557.3453,pg_catalog,pg_opfamily,0,0,0,0,0,0,0,0,0,0,0,0,0,0,,,,
1416429557.3453,pg_catalog,pg_auth_members,0,0,0,0,0,0,0,0,0,0,0,0,0,0,,,,
1416429557.3453,pg_catalog,pg_operator,0,0,20669,105463,0,0,0,0,0,0,442,73417,372,44883,,,,
1416429557.3453,public,supplier,46,2000000,19997320,26305937,100000,0,0,0,100000,0,22113,20171816,2279,40103150,,,,
1416429557.3453,information_schema,sql_languages,0,0,,,0,0,0,0,0,0,0,0,,,0,0,0,0
1416429557.3453,pg_toast,pg_toast_12693,0,0,0,0,0,0,0,0,0,0,0,0,0,0,,,,
1416429557.3453,pg_catalog,pg_attribute,198,1350,55024,123382,630,20,452,5,2514,488,1118,64124,421,115471,,,,
1416429557.3453,public,customer,87,52500000,806,134725624,1500000,0,0,0,1500000,0,937124,4399935,38338,3760,,,,
1416429557.3453,pg_toast,pg_toast_12698,0,0,0,0,0,0,0,0,0,0,0,0,0,0,,,,
1416429557.3453,pg_catalog,pg_tablespace,2,4,1888,1888,0,0,0,0,0,0,38,1852,82,3706,,,,
1416429557.3453,pg_catalog,pg_statistic,0,0,14388,13678,154,279,88,77,468,65,739,14212,144,31283,2838,13051,118,11487
1416429557.3453,pg_toast,pg_toast_12703,0,0,0,0,0,0,0,0,0,0,0,0,0,0,,,,
1416429557.3453,information_schema,sql_packages,0,0,,,0,0,0,0,0,0,0,0,,,0,0,0,0
1416429557.3453,information_schema,sql_sizing_profiles,0,0,,,0,0,0,0,0,0,0,0,,,0,0,0,0
1416429557.3453,pg_catalog,pg_aggregate,0,0,1463,1463,0,0,0,0,0,0,77,1386,180,2366,,,,
1416429557.3453,public,lineitem,153,4021734973,30524007,2333448492,60584573,0,540397,0,60044320,540397,63392248,178630654,4525473,128922172,,,,
1416429557.3453,pg_catalog,pg_inherits,0,0,81,0,0,0,0,0,0,0,0,0,43,38,,,,
1416429557.3453,pg_catalog,pg_enum,0,0,0,0,0,0,0,0,0,0,0,0,0,0,,,,
1416429557.3453,pg_toast,pg_toast_2396,0,0,0,0,0,0,0,0,0,0,0,0,0,0,,,,
1416429557.3453,pg_catalog,pg_pltemplate,0,0,0,0,0,0,0,0,0,0,0,0,0,0,,,,
1416429557.3453,pg_toast,pg_toast_2618,0,0,307,980,0,0,0,0,0,0,191,187,53,443,,,,
1416429557.3453,pg_toast,pg_toast_3596,0,0,0,0,0,0,0,0,0,0,0,0,0,0,,,,
1416429557.3453,information_schema,sql_features,0,0,,,0,0,0,0,0,0,0,0,,,0,0,0,0
1416429557.3453,public,region,38249,190955,162,162,5,0,0,0,5,0,23,38340,39,186,,,,
1416429557.3453,pg_toast,pg_toast_2606,0,0,0,0,0,0,0,0,0,0,0,0,0,0,,,,
1416429557.3453,pg_toast,pg_toast_12723,0,0,0,0,0,0,0,0,0,0,0,0,0,0,,,,
1416429557.3453,pg_toast,pg_toast_2964,0,0,0,0,0,0,0,0,0,0,0,0,0,0,,,,
1416429557.3453,pg_catalog,pg_database,198,750,8941,8939,1,0,0,0,1,0,16,9122,103,14381,,,,
1416429557.3453,information_schema,sql_sizing,0,0,,,0,0,0,0,0,0,0,0,,,0,0,0,0
1416429557.3453,pg_toast,pg_toast_2620,0,0,0,0,0,0,0,0,0,0,0,0,0,0,,,,
1416429557.3453,public,partsupp,103,304000000,146801,586292,8000000,0,0,0,8000000,0,5478604,2305554,116973,347826,,,,
1416429557.3453,pg_catalog,pg_depend,0,0,3639,3887,707,0,618,0,7106,619,500,4377,878,9566,,,,
1416429557.3453,pg_catalog,pg_language,0,0,0,0,0,0,0,0,0,0,0,0,0,0,,,,
1416429557.3453,public,nation,227,2100,153529,153697,25,0,0,0,25,0,22,153601,61,153648,,,,
1416429557.3453,pg_catalog,pg_amproc,36,72,13094,39051,0,0,0,0,0,0,208,12837,106,28799,,,,
1416429557.3453,pg_catalog,pg_collation,0,0,0,0,0,0,0,0,0,0,0,0,0,0,,,,
1416429557.3453,pg_toast,pg_toast_12708,0,0,0,0,0,0,0,0,0,0,0,0,0,0,,,,
1416429557.3453,public,orders,127,870720000,32747244,347987223,15150000,0,135000,0,15015000,135000,8221337,46327802,306933,99213308,,,,
1416429557.3453,pg_catalog,pg_range,0,0,583,0,0,0,0,0,0,0,0,0,188,978,,,,
1416429557.3453,pg_toast,pg_toast_2609,0,0,0,0,0,0,0,0,0,0,0,0,0,0,,,,
1416429557.3453,pg_catalog,pg_opclass,36,36,17719,184328,0,0,0,0,0,0,80,73743,183,21427,,,,
1416429557.3453,public,part,45,38000000,717,26432061,2000000,0,0,0,2000000,0,1271838,621307,78731,2132,,,,
1416429557.3453,pg_catalog,pg_rewrite,0,0,719,572,49,0,49,0,110,49,274,564,149,1073,191,187,106,886
1416429557.3453,pg_toast,pg_toast_1255,0,0,0,0,0,0,0,0,0,0,0,0,0,0,,,,
1416429557.3453,pg_catalog,pg_seclabel,0,0,349,0,0,0,0,0,0,0,0,0,40,309,0,0,0,0
1416429557.3453,pg_catalog,pg_ts_parser,0,0,0,0,0,0,0,0,0,0,0,0,0,0,,,,
1416429557.3453,pg_catalog,pg_trigger,0,0,0,0,0,0,0,0,0,0,0,0,0,0,0,0,0,0
1416429557.3453,pg_catalog,pg_shseclabel,0,0,0,0,0,0,0,0,0,0,0,0,0,0,,,,
1416429557.3453,pg_catalog,pg_event_trigger,0,0,167,0,0,0,0,0,0,0,0,0,41,126,,,,
1416429557.3453,pg_catalog,pg_foreign_table,0,0,0,0,0,0,0,0,0,0,0,0,0,0,,,,
1416429557.3453,pg_catalog,pg_extension,0,0,0,0,0,0,0,0,0,0,0,0,0,0,,,,
1416429557.3453,pg_catalog,pg_ts_config,0,0,0,0,0,0,0,0,0,0,0,0,0,0,,,,
1416429557.3453,pg_catalog,pg_shdescription,0,0,0,0,0,0,0,0,0,0,0,0,0,0,0,0,0,0
1416429557.3453,pg_catalog,pg_cast,0,0,87824,21285,0,0,0,0,0,0,90,21195,55,90302,,,,
1416429557.3453,pg_catalog,pg_amop,0,0,22632,39493,0,0,0,0,0,0,143,37818,315,48127,,,,
1416429557.3453,pg_catalog,pg_user_mapping,0,0,0,0,0,0,0,0,0,0,0,0,0,0,,,,
1416429557.3453,pg_catalog,pg_type,0,0,61742,61091,180,0,161,0,360,36,298,61419,533,127109,,,,
1416429557.3453,information_schema,sql_parts,0,0,,,0,0,0,0,0,0,0,0,,,0,0,0,0
1416429557.3453,pg_catalog,pg_largeobject,0,0,0,0,0,0,0,0,0,0,0,0,0,0,,,,
1416429557.3453,pg_catalog,pg_ts_config_map,0,0,0,0,0,0,0,0,0,0,0,0,0,0,,,,
1416429557.3453,pg_catalog,pg_largeobject_metadata,0,0,0,0,0,0,0,0,0,0,0,0,0,0,,,,
1416429557.3453,pg_catalog,pg_am,3906,3906,0,0,0,0,0,0,0,0,25,3881,0,0,,,,
1416429557.3453,public,time_statistics,195,23503,,,222,195,0,184,222,86,86,876,,,,,,
1416429557.3453,pg_toast,pg_toast_12718,0,0,0,0,0,0,0,0,0,0,0,0,0,0,,,,
1416429557.3453,pg_catalog,pg_ts_template,0,0,0,0,0,0,0,0,0,0,0,0,0,0,,,,
1416429557.3453,pg_catalog,pg_foreign_server,0,0,0,0,0,0,0,0,0,0,0,0,0,0,,,,
1416429557.3453,pg_catalog,pg_namespace,162,1346,11163,8526,4,0,0,0,4,0,33,8666,134,13888,,,,
1416429557.3453,pg_toast,pg_toast_2619,0,0,9872,33829,547,0,297,0,263,38,2838,13051,118,11487,,,,
1416429557.3453,pg_catalog,pg_authid,73,73,5328,5328,0,0,0,0,0,0,25,5376,108,10548,,,,
1416429557.3453,pg_catalog,pg_default_acl,0,0,364,0,0,0,0,0,0,0,0,0,36,328,,,,
1416429557.3453,pg_catalog,pg_shdepend,0,0,446,96,0,0,0,0,0,0,41,55,165,455,,,,
1416429557.3453,pg_catalog,pg_constraint,0,0,24,8,16,0,8,0,8,8,9,72,16,144,0,0,0,0
1416429557.3453,pg_catalog,pg_index,422,41511,29215,42209,78,0,50,0,143,50,255,32059,159,33419,,,,
1416429557.3453,pg_catalog,pg_ts_dict,0,0,0,0,0,0,0,0,0,0,0,0,0,0,,,,
1416429557.3453,pg_toast,pg_toast_2604,0,0,0,0,0,0,0,0,0,0,0,0,0,0,,,,
1416429557.3453,pg_catalog,pg_proc,0,0,23597,35422,0,0,0,0,0,0,1977,23628,786,51377,0,0,0,0
1416429617.3532,pg_catalog,pg_attrdef,0,0,0,0,0,0,0,0,0,0,0,0,0,0,0,0,0,0
1416429617.3532,pg_catalog,pg_db_role_setting,0,0,11424,0,0,0,0,0,0,0,0,0,25,11399,0,0,0,0
1416429617.3532,pg_toast,pg_toast_12713,0,0,0,0,0,0,0,0,0,0,0,0,0,0,,,,
1416429617.3532,pg_catalog,pg_rowsecurity,0,0,0,0,0,0,0,0,0,0,0,0,0,0,,,,
1416429617.3532,pg_catalog,pg_description,0,0,353,0,0,0,0,0,0,0,0,0,126,662,0,0,0,0
1416429617.3532,pg_catalog,pg_foreign_data_wrapper,0,0,0,0,0,0,0,0,0,0,0,0,0,0,,,,
1416429617.3532,pg_catalog,pg_conversion,0,0,0,0,0,0,0,0,0,0,0,0,0,0,,,,
1416429617.3532,pg_catalog,pg_class,852,192883,69395,64044,171,49,133,46,337,34,514,71008,532,145312,,,,
1416429617.3532,information_schema,sql_implementation_info,0,0,,,0,0,0,0,0,0,0,0,,,0,0,0,0
1416429617.3532,pg_catalog,pg_opfamily,0,0,0,0,0,0,0,0,0,0,0,0,0,0,,,,
1416429617.3532,pg_catalog,pg_auth_members,0,0,0,0,0,0,0,0,0,0,0,0,0,0,,,,
1416429617.3532,pg_catalog,pg_operator,0,0,21185,108550,0,0,0,0,0,0,442,75495,380,46022,,,,
1416429617.3532,public,supplier,47,2100000,26604189,34312847,100000,0,0,0,100000,0,22113,26811410,2300,53352976,,,,
1416429617.3532,information_schema,sql_languages,0,0,,,0,0,0,0,0,0,0,0,,,0,0,0,0
1416429617.3532,pg_toast,pg_toast_12693,0,0,0,0,0,0,0,0,0,0,0,0,0,0,,,,
1416429617.3532,pg_catalog,pg_attribute,198,1350,56312,126234,638,20,460,5,2514,496,1145,65566,434,118168,,,,
1416429617.3532,public,customer,92,60000000,857,150626655,1500000,0,0,0,1500000,0,1115331,4856766,41844,3884,,,,
1416429617.3532,pg_toast,pg_toast_12698,0,0,0,0,0,0,0,0,0,0,0,0,0,0,,,,
1416429617.3532,pg_catalog,pg_tablespace,2,4,1941,1941,0,0,0,0,0,0,38,1905,82,3812,,,,
1416429617.3532,pg_catalog,pg_statistic,0,0,14767,14050,155,279,89,77,468,65,762,14566,146,32098,3013,13290,126,11774
1416429617.3532,pg_toast,pg_toast_12703,0,0,0,0,0,0,0,0,0,0,0,0,0,0,,,,
1416429617.3532,information_schema,sql_packages,0,0,,,0,0,0,0,0,0,0,0,,,0,0,0,0
1416429617.3532,information_schema,sql_sizing_profiles,0,0,,,0,0,0,0,0,0,0,0,,,0,0,0,0
1416429617.3532,pg_catalog,pg_aggregate,0,0,1495,1495,0,0,0,0,0,0,84,1411,194,2409,,,,
1416429617.3532,public,lineitem,163,4621995501,34541498,2608372829,60645061,0,600189,0,60045016,600189,73624742,215847244,5370347,145306639,,,,
1416429617.3532,pg_catalog,pg_inherits,0,0,82,0,0,0,0,0,0,0,0,0,44,38,,,,
1416429617.3532,pg_catalog,pg_enum,0,0,0,0,0,0,0,0,0,0,0,0,0,0,,,,
1416429617.3532,pg_toast,pg_toast_2396,0,0,0,0,0,0,0,0,0,0,0,0,0,0,,,,
1416429617.3532,pg_catalog,pg_pltemplate,0,0,0,0,0,0,0,0,0,0,0,0,0,0,,,,
1416429617.3532,pg_toast,pg_toast_2618,0,0,312,996,0,0,0,0,0,0,196,188,55,449,,,,
1416429617.3532,pg_toast,pg_toast_3596,0,0,0,0,0,0,0,0,0,0,0,0,0,0,,,,
1416429617.3532,information_schema,sql_features,0,0,,,0,0,0,0,0,0,0,0,,,0,0,0,0
1416429617.3532,public,region,51227,255835,174,174,5,0,0,0,5,0,24,51327,45,196,,,,
1416429617.3532,pg_toast,pg_toast_2606,0,0,0,0,0,0,0,0,0,0,0,0,0,0,,,,
1416429617.3532,pg_toast,pg_toast_12723,0,0,0,0,0,0,0,0,0,0,0,0,0,0,,,,
1416429617.3532,pg_toast,pg_toast_2964,0,0,0,0,0,0,0,0,0,0,0,0,0,0,,,,
1416429617.3532,pg_catalog,pg_database,201,762,9206,9204,1,0,0,0,1,0,16,9390,103,14810,,,,
1416429617.3532,information_schema,sql_sizing,0,0,,,0,0,0,0,0,0,0,0,,,0,0,0,0
1416429617.3532,pg_toast,pg_toast_2620,0,0,0,0,0,0,0,0,0,0,0,0,0,0,,,,
1416429617.3532,public,partsupp,110,360000000,181493,724976,8000000,0,0,0,8000000,0,6420567,2599039,137006,432428,,,,
1416429617.3532,pg_catalog,pg_depend,0,0,3670,3911,711,0,622,0,7106,623,508,4403,900,9624,,,,
1416429617.3532,pg_catalog,pg_language,0,0,0,0,0,0,0,0,0,0,0,0,0,0,,,,
1416429617.3532,public,nation,240,2425,205466,205658,25,0,0,0,25,0,24,205549,72,205586,,,,
1416429617.3532,pg_catalog,pg_amproc,36,72,13463,40046,0,0,0,0,0,0,216,13185,108,29621,,,,
1416429617.3532,pg_catalog,pg_collation,0,0,0,0,0,0,0,0,0,0,0,0,0,0,,,,
1416429617.3532,pg_toast,pg_toast_12708,0,0,0,0,0,0,0,0,0,0,0,0,0,0,,,,
1416429617.3532,public,orders,131,930750000,41213456,491558426,15165000,0,150000,0,15015000,150000,9245299,57109986,312136,124758186,,,,
1416429617.3532,pg_catalog,pg_range,0,0,611,0,0,0,0,0,0,0,0,0,194,1028,,,,
1416429617.3532,pg_toast,pg_toast_2609,0,0,0,0,0,0,0,0,0,0,0,0,0,0,,,,
1416429617.3532,pg_catalog,pg_opclass,36,36,18201,189680,0,0,0,0,0,0,82,75895,191,22014,,,,
1416429617.3532,public,part,48,44000000,763,32467136,2000000,0,0,0,2000000,0,1503880,662170,89921,2234,,,,
1416429617.3532,pg_catalog,pg_rewrite,0,0,726,579,49,0,49,0,110,49,279,566,151,1083,196,188,110,898
1416429617.3532,pg_toast,pg_toast_1255,0,0,0,0,0,0,0,0,0,0,0,0,0,0,,,,
1416429617.3532,pg_catalog,pg_seclabel,0,0,353,0,0,0,0,0,0,0,0,0,41,312,0,0,0,0
1416429617.3532,pg_catalog,pg_ts_parser,0,0,0,0,0,0,0,0,0,0,0,0,0,0,,,,
1416429617.3532,pg_catalog,pg_trigger,0,0,0,0,0,0,0,0,0,0,0,0,0,0,0,0,0,0
1416429617.3532,pg_catalog,pg_shseclabel,0,0,0,0,0,0,0,0,0,0,0,0,0,0,,,,
1416429617.3532,pg_catalog,pg_event_trigger,0,0,168,0,0,0,0,0,0,0,0,0,42,126,,,,
1416429617.3532,pg_catalog,pg_foreign_table,0,0,0,0,0,0,0,0,0,0,0,0,0,0,,,,
1416429617.3532,pg_catalog,pg_extension,0,0,0,0,0,0,0,0,0,0,0,0,0,0,,,,
1416429617.3532,pg_catalog,pg_ts_config,0,0,0,0,0,0,0,0,0,0,0,0,0,0,,,,
1416429617.3532,pg_catalog,pg_shdescription,0,0,0,0,0,0,0,0,0,0,0,0,0,0,0,0,0,0
1416429617.3532,pg_catalog,pg_cast,0,0,90524,21877,0,0,0,0,0,0,90,21787,55,93086,,,,
1416429617.3532,pg_catalog,pg_amop,0,0,23215,40574,0,0,0,0,0,0,144,38847,329,49364,,,,
1416429617.3532,pg_catalog,pg_user_mapping,0,0,0,0,0,0,0,0,0,0,0,0,0,0,,,,
1416429617.3532,pg_catalog,pg_type,0,0,63793,63132,182,0,163,0,360,38,304,63461,553,131306,,,,
1416429617.3532,information_schema,sql_parts,0,0,,,0,0,0,0,0,0,0,0,,,0,0,0,0
1416429617.3532,pg_catalog,pg_largeobject,0,0,0,0,0,0,0,0,0,0,0,0,0,0,,,,
1416429617.3532,pg_catalog,pg_ts_config_map,0,0,0,0,0,0,0,0,0,0,0,0,0,0,,,,
1416429617.3532,pg_catalog,pg_largeobject_metadata,0,0,0,0,0,0,0,0,0,0,0,0,0,0,,,,
1416429617.3532,pg_catalog,pg_am,4019,4019,0,0,0,0,0,0,0,0,25,3994,0,0,,,,
1416429617.3532,public,time_statistics,222,29846,,,249,222,0,204,249,71,97,1051,,,,,,
1416429617.3532,pg_toast,pg_toast_12718,0,0,0,0,0,0,0,0,0,0,0,0,0,0,,,,
1416429617.3532,pg_catalog,pg_ts_template,0,0,0,0,0,0,0,0,0,0,0,0,0,0,,,,
1416429617.3532,pg_catalog,pg_foreign_server,0,0,0,0,0,0,0,0,0,0,0,0,0,0,,,,
1416429617.3532,pg_catalog,pg_namespace,164,1366,11554,8831,4,0,0,0,4,0,33,8973,136,14365,,,,
1416429617.3532,pg_toast,pg_toast_2619,0,0,10137,34779,549,0,299,0,263,40,3013,13290,126,11774,,,,
1416429617.3532,pg_catalog,pg_authid,74,74,5488,5488,0,0,0,0,0,0,25,5537,108,10868,,,,
1416429617.3532,pg_catalog,pg_default_acl,0,0,368,0,0,0,0,0,0,0,0,0,37,331,,,,
1416429617.3532,pg_catalog,pg_shdepend,0,0,451,97,0,0,0,0,0,0,42,55,169,458,,,,
1416429617.3532,pg_catalog,pg_constraint,0,0,24,8,16,0,8,0,8,8,9,72,16,144,0,0,0,0
1416429617.3532,pg_catalog,pg_index,427,42226,29894,43189,79,0,51,0,143,51,264,32784,165,34211,,,,
1416429617.3532,pg_catalog,pg_ts_dict,0,0,0,0,0,0,0,0,0,0,0,0,0,0,,,,
1416429617.3532,pg_toast,pg_toast_2604,0,0,0,0,0,0,0,0,0,0,0,0,0,0,,,,
1416429617.3532,pg_catalog,pg_proc,0,0,24223,36282,0,0,0,0,0,0,2076,24181,818,52767,0,0,0,0
1416429677.35811,pg_catalog,pg_attrdef,0,0,0,0,0,0,0,0,0,0,0,0,0,0,0,0,0,0
1416429677.35811,pg_catalog,pg_db_role_setting,0,0,11800,0,0,0,0,0,0,0,0,0,27,11773,0,0,0,0
1416429677.35811,pg_toast,pg_toast_12713,0,0,0,0,0,0,0,0,0,0,0,0,0,0,,,,
1416429677.35811,pg_catalog,pg_rowsecurity,0,0,0,0,0,0,0,0,0,0,0,0,0,0,,,,
1416429677.35811,pg_catalog,pg_description,0,0,365,0,0,0,0,0,0,0,0,0,135,680,0,0,0,0
1416429677.35811,pg_catalog,pg_foreign_data_wrapper,0,0,0,0,0,0,0,0,0,0,0,0,0,0,,,,
1416429677.35811,pg_catalog,pg_conversion,0,0,0,0,0,0,0,0,0,0,0,0,0,0,,,,
1416429677.35811,pg_catalog,pg_class,862,195933,71053,65544,176,50,138,46,337,40,554,72598,563,148813,,,,
1416429677.35811,information_schema,sql_implementation_info,0,0,,,0,0,0,0,0,0,0,0,,,0,0,0,0
1416429677.35811,pg_catalog,pg_opfamily,0,0,0,0,0,0,0,0,0,0,0,0,0,0,,,,
1416429677.35811,pg_catalog,pg_auth_members,0,0,0,0,0,0,0,0,0,0,0,0,0,0,,,,
1416429677.35811,pg_catalog,pg_operator,0,0,21708,111982,0,0,0,0,0,0,490,77779,414,47153,,,,
1416429677.35811,public,supplier,51,2500000,26654439,35493075,100000,0,0,0,100000,0,22302,26894891,2316,53453847,,,,
1416429677.35811,information_schema,sql_languages,0,0,,,0,0,0,0,0,0,0,0,,,0,0,0,0
1416429677.35811,pg_toast,pg_toast_12693,0,0,0,0,0,0,0,0,0,0,0,0,0,0,,,,
1416429677.35811,pg_catalog,pg_attribute,198,1350,57600,129149,656,20,478,5,2514,514,1196,67003,465,120889,,,,
1416429677.35811,public,customer,98,69000000,922,173697910,1500000,0,0,0,1500000,0,1256325,5527089,43474,4025,,,,
1416429677.35811,pg_toast,pg_toast_12698,0,0,0,0,0,0,0,0,0,0,0,0,0,0,,,,
1416429677.35811,pg_catalog,pg_tablespace,2,4,2001,2001,0,0,0,0,0,0,43,1960,92,3922,,,,
1416429677.35811,pg_catalog,pg_statistic,0,0,15121,14395,157,282,91,78,468,70,801,14899,159,32858,3132,13544,129,12039
1416429677.35811,pg_toast,pg_toast_12703,0,0,0,0,0,0,0,0,0,0,0,0,0,0,,,,
1416429677.35811,information_schema,sql_packages,0,0,,,0,0,0,0,0,0,0,0,,,0,0,0,0
1416429677.35811,information_schema,sql_sizing_profiles,0,0,,,0,0,0,0,0,0,0,0,,,0,0,0,0
1416429677.35811,pg_catalog,pg_aggregate,0,0,1522,1522,0,0,0,0,0,0,87,1435,201,2452,,,,
1416429677.35811,public,lineitem,173,5222381193,39547109,2872286963,60705229,0,720377,0,59984996,720377,80347244,237660258,5940202,165888516,,,,
1416429677.35811,pg_catalog,pg_inherits,0,0,85,0,0,0,0,0,0,0,0,0,47,38,,,,
1416429677.35811,pg_catalog,pg_enum,0,0,0,0,0,0,0,0,0,0,0,0,0,0,,,,
1416429677.35811,pg_toast,pg_toast_2396,0,0,0,0,0,0,0,0,0,0,0,0,0,0,,,,
1416429677.35811,pg_catalog,pg_pltemplate,0,0,0,0,0,0,0,0,0,0,0,0,0,0,,,,
1416429677.35811,pg_toast,pg_toast_2618,0,0,317,1012,0,0,0,0,0,0,201,189,57,455,,,,
1416429677.35811,pg_toast,pg_toast_3596,0,0,0,0,0,0,0,0,0,0,0,0,0,0,,,,
1416429677.35811,information_schema,sql_features,0,0,,,0,0,0,0,0,0,0,0,,,0,0,0,0
1416429677.35811,public,region,57639,287890,184,184,5,0,0,0,5,0,26,57746,51,204,,,,
1416429677.35811,pg_toast,pg_toast_2606,0,0,0,0,0,0,0,0,0,0,0,0,0,0,,,,
1416429677.35811,pg_toast,pg_toast_12723,0,0,0,0,0,0,0,0,0,0,0,0,0,0,,,,
1416429677.35811,pg_toast,pg_toast_2964,0,0,0,0,0,0,0,0,0,0,0,0,0,0,,,,
1416429677.35811,pg_catalog,pg_database,204,774,9505,9503,1,0,0,0,1,0,18,9690,111,15289,,,,
1416429677.35811,information_schema,sql_sizing,0,0,,,0,0,0,0,0,0,0,0,,,0,0,0,0
1416429677.35811,pg_toast,pg_toast_2620,0,0,0,0,0,0,0,0,0,0,0,0,0,0,,,,
1416429677.35811,public,partsupp,113,384000000,253014,1011030,8000000,0,0,0,8000000,0,6947357,2664691,181781,603415,,,,
1416429677.35811,pg_catalog,pg_depend,0,0,3776,4011,728,0,639,0,7106,640,538,4501,969,9844,,,,
1416429677.35811,pg_catalog,pg_language,0,0,0,0,0,0,0,0,0,0,0,0,0,0,,,,
1416429677.35811,public,nation,254,2775,231156,231396,25,0,0,0,25,0,25,231252,78,231282,,,,
1416429677.35811,pg_catalog,pg_amproc,36,72,13815,41027,0,0,0,0,0,0,223,13519,115,30404,,,,
1416429677.35811,pg_catalog,pg_collation,0,0,0,0,0,0,0,0,0,0,0,0,0,0,,,,
1416429677.35811,pg_toast,pg_toast_12708,0,0,0,0,0,0,0,0,0,0,0,0,0,0,,,,
1416429677.35811,public,orders,141,1080870000,43122517,538497484,15180000,0,180000,0,15000000,180000,10086645,61536926,312804,130600363,,,,
1416429677.35811,pg_catalog,pg_range,0,0,639,0,0,0,0,0,0,0,0,0,208,1070,,,,
1416429677.35811,pg_toast,pg_toast_2609,0,0,0,0,0,0,0,0,0,0,0,0,0,0,,,,
1416429677.35811,pg_catalog,pg_opclass,36,36,18617,193642,0,0,0,0,0,0,84,77509,198,22535,,,,
1416429677.35811,public,part,49,46000000,801,34569831,2000000,0,0,0,2000000,0,1555908,772315,96115,2310,,,,
1416429677.35811,pg_catalog,pg_rewrite,0,0,739,589,50,0,50,0,110,50,289,573,157,1099,201,189,114,910
1416429677.35811,pg_toast,pg_toast_1255,0,0,0,0,0,0,0,0,0,0,0,0,0,0,,,,
1416429677.35811,pg_catalog,pg_seclabel,0,0,365,0,0,0,0,0,0,0,0,0,44,321,0,0,0,0
1416429677.35811,pg_catalog,pg_ts_parser,0,0,0,0,0,0,0,0,0,0,0,0,0,0,,,,
1416429677.35811,pg_catalog,pg_trigger,0,0,0,0,0,0,0,0,0,0,0,0,0,0,0,0,0,0
1416429677.35811,pg_catalog,pg_shseclabel,0,0,0,0,0,0,0,0,0,0,0,0,0,0,,,,
1416429677.35811,pg_catalog,pg_event_trigger,0,0,171,0,0,0,0,0,0,0,0,0,45,126,,,,
1416429677.35811,pg_catalog,pg_foreign_table,0,0,0,0,0,0,0,0,0,0,0,0,0,0,,,,
1416429677.35811,pg_catalog,pg_extension,0,0,0,0,0,0,0,0,0,0,0,0,0,0,,,,
1416429677.35811,pg_catalog,pg_ts_config,0,0,0,0,0,0,0,0,0,0,0,0,0,0,,,,
1416429677.35811,pg_catalog,pg_shdescription,0,0,0,0,0,0,0,0,0,0,0,0,0,0,0,0,0,0
1416429677.35811,pg_catalog,pg_cast,0,0,93282,22481,0,0,0,0,0,0,98,22383,61,95922,,,,
1416429677.35811,pg_catalog,pg_amop,0,0,23737,41547,0,0,0,0,0,0,162,39748,350,50472,,,,
1416429677.35811,pg_catalog,pg_user_mapping,0,0,0,0,0,0,0,0,0,0,0,0,0,0,,,,
1416429677.35811,pg_catalog,pg_type,0,0,65997,65317,188,0,169,0,360,44,331,65640,576,135821,,,,
1416429677.35811,information_schema,sql_parts,0,0,,,0,0,0,0,0,0,0,0,,,0,0,0,0
1416429677.35811,pg_catalog,pg_largeobject,0,0,0,0,0,0,0,0,0,0,0,0,0,0,,,,
1416429677.35811,pg_catalog,pg_ts_config_map,0,0,0,0,0,0,0,0,0,0,0,0,0,0,,,,
1416429677.35811,pg_catalog,pg_largeobject_metadata,0,0,0,0,0,0,0,0,0,0,0,0,0,0,,,,
1416429677.35811,pg_catalog,pg_am,4132,4132,0,0,0,0,0,0,0,0,27,4105,0,0,,,,
1416429677.35811,public,time_statistics,249,36916,,,276,249,0,231,276,98,127,1214,,,,,,
1416429677.35811,pg_toast,pg_toast_12718,0,0,0,0,0,0,0,0,0,0,0,0,0,0,,,,
1416429677.35811,pg_catalog,pg_ts_template,0,0,0,0,0,0,0,0,0,0,0,0,0,0,,,,
1416429677.35811,pg_catalog,pg_foreign_server,0,0,0,0,0,0,0,0,0,0,0,0,0,0,,,,
1416429677.35811,pg_catalog,pg_namespace,166,1386,11950,9141,4,0,0,0,4,0,35,9283,144,14843,,,,
1416429677.35811,pg_toast,pg_toast_2619,0,0,10374,35604,553,0,303,0,263,44,3132,13544,129,12039,,,,
1416429677.35811,pg_catalog,pg_authid,75,75,5673,5673,0,0,0,0,0,0,27,5721,116,11230,,,,
1416429677.35811,pg_catalog,pg_default_acl,0,0,380,0,0,0,0,0,0,0,0,0,40,340,,,,
1416429677.35811,pg_catalog,pg_shdepend,0,0,466,100,0,0,0,0,0,0,45,55,181,467,,,,
1416429677.35811,pg_catalog,pg_constraint,0,0,24,8,16,0,8,0,8,8,9,72,16,144,0,0,0,0
1416429677.35811,pg_catalog,pg_index,432,42941,30592,44193,81,0,53,0,143,53,277,33528,172,35023,,,,
1416429677.35811,pg_catalog,pg_ts_dict,0,0,0,0,0,0,0,0,0,0,0,0,0,0,,,,
1416429677.35811,pg_toast,pg_toast_2604,0,0,0,0,0,0,0,0,0,0,0,0,0,0,,,,
1416429677.35811,pg_catalog,pg_proc,0,0,24848,37148,0,0,0,0,0,0,2165,24755,863,54141,0,0,0,0
1416429737.35504,pg_catalog,pg_attrdef,0,0,0,0,0,0,0,0,0,0,0,0,0,0,0,0,0,0
1416429737.35504,pg_catalog,pg_db_role_setting,0,0,12100,0,0,0,0,0,0,0,0,0,28,12072,0,0,0,0
1416429737.35504,pg_toast,pg_toast_12713,0,0,0,0,0,0,0,0,0,0,0,0,0,0,,,,
1416429737.35504,pg_catalog,pg_rowsecurity,0,0,0,0,0,0,0,0,0,0,0,0,0,0,,,,
1416429737.35504,pg_catalog,pg_description,0,0,369,0,0,0,0,0,0,0,0,0,138,686,0,0,0,0
1416429737.35504,pg_catalog,pg_foreign_data_wrapper,0,0,0,0,0,0,0,0,0,0,0,0,0,0,,,,
1416429737.35504,pg_catalog,pg_conversion,0,0,0,0,0,0,0,0,0,0,0,0,0,0,,,,
1416429737.35504,pg_catalog,pg_class,883,198994,72516,66888,178,50,140,46,337,42,585,74059,590,151881,,,,
1416429737.35504,information_schema,sql_implementation_info,0,0,,,0,0,0,0,0,0,0,0,,,0,0,0,0
1416429737.35504,pg_catalog,pg_opfamily,0,0,0,0,0,0,0,0,0,0,0,0,0,0,,,,
1416429737.35504,pg_catalog,pg_auth_members,0,0,0,0,0,0,0,0,0,0,0,0,0,0,,,,
1416429737.35504,pg_catalog,pg_operator,0,0,22171,115031,0,0,0,0,0,0,527,79796,442,48156,,,,
1416429737.35504,public,supplier,51,2500000,33226266,43164946,100000,0,0,0,100000,0,22302,33490730,2595,66632743,,,,
1416429737.35504,information_schema,sql_languages,0,0,,,0,0,0,0,0,0,0,0,,,0,0,0,0
1416429737.35504,pg_toast,pg_toast_12693,0,0,0,0,0,0,0,0,0,0,0,0,0,0,,,,
1416429737.35504,pg_catalog,pg_attribute,209,1425,58803,131864,664,20,486,5,2514,522,1308,68453,484,123401,,,,
1416429737.35504,public,customer,104,78000000,958,174271849,1500000,0,0,0,1500000,0,1467985,5597558,45123,4082,,,,
1416429737.35504,pg_toast,pg_toast_12698,0,0,0,0,0,0,0,0,0,0,0,0,0,0,,,,
1416429737.35504,pg_catalog,pg_tablespace,2,4,2052,2052,0,0,0,0,0,0,46,2008,98,4018,,,,
1416429737.35504,pg_catalog,pg_statistic,0,0,15468,14733,158,303,92,97,468,92,848,15225,170,33600,3299,13739,141,12270
1416429737.35504,pg_toast,pg_toast_12703,0,0,0,0,0,0,0,0,0,0,0,0,0,0,,,,
1416429737.35504,information_schema,sql_packages,0,0,,,0,0,0,0,0,0,0,0,,,0,0,0,0
1416429737.35504,information_schema,sql_sizing_profiles,0,0,,,0,0,0,0,0,0,0,0,,,0,0,0,0
1416429737.35504,pg_catalog,pg_aggregate,0,0,1558,1558,0,0,0,0,0,0,94,1464,215,2496,,,,
1416429737.35504,public,lineitem,183,5822772177,41880541,2960916926,60765674,0,780136,0,59985682,780136,87389304,270545910,6278460,176024405,,,,
1416429737.35504,pg_catalog,pg_inherits,0,0,86,0,0,0,0,0,0,0,0,0,48,38,,,,
1416429737.35504,pg_catalog,pg_enum,0,0,0,0,0,0,0,0,0,0,0,0,0,0,,,,
1416429737.35504,pg_toast,pg_toast_2396,0,0,0,0,0,0,0,0,0,0,0,0,0,0,,,,
1416429737.35504,pg_catalog,pg_pltemplate,0,0,0,0,0,0,0,0,0,0,0,0,0,0,,,,
1416429737.35504,pg_toast,pg_toast_2618,0,0,323,1030,0,0,0,0,0,0,207,190,59,463,,,,
1416429737.35504,pg_toast,pg_toast_3596,0,0,0,0,0,0,0,0,0,0,0,0,0,0,,,,
1416429737.35504,information_schema,sql_features,0,0,,,0,0,0,0,0,0,0,0,,,0,0,0,0
1416429737.35504,public,region,70395,351660,192,192,5,0,0,0,5,0,28,70506,55,210,,,,
1416429737.35504,pg_toast,pg_toast_2606,0,0,0,0,0,0,0,0,0,0,0,0,0,0,,,,
1416429737.35504,pg_toast,pg_toast_12723,0,0,0,0,0,0,0,0,0,0,0,0,0,0,,,,
1416429737.35504,pg_toast,pg_toast_2964,0,0,0,0,0,0,0,0,0,0,0,0,0,0,,,,
1416429737.35504,pg_catalog,pg_database,207,786,9748,9746,1,0,0,0,1,0,19,9935,121,15672,,,,
1416429737.35504,information_schema,sql_sizing,0,0,,,0,0,0,0,0,0,0,0,,,0,0,0,0
1416429737.35504,pg_toast,pg_toast_2620,0,0,0,0,0,0,0,0,0,0,0,0,0,0,,,,
1416429737.35504,public,partsupp,118,424000000,265792,1062064,8000000,0,0,0,8000000,0,7671231,2809920,190550,633201,,,,
1416429737.35504,pg_catalog,pg_depend,0,0,3807,4035,732,0,643,0,7106,644,546,4527,991,9902,,,,
1416429737.35504,pg_catalog,pg_language,0,0,0,0,0,0,0,0,0,0,0,0,0,0,,,,
1416429737.35504,public,nation,263,3000,282194,282434,25,0,0,0,25,0,25,282299,84,282323,,,,
1416429737.35504,pg_catalog,pg_amproc,38,76,14151,41911,0,0,0,0,0,0,242,13832,125,31142,,,,
1416429737.35504,pg_catalog,pg_collation,0,0,0,0,0,0,0,0,0,0,0,0,0,0,,,,
1416429737.35504,pg_toast,pg_toast_12708,0,0,0,0,0,0,0,0,0,0,0,0,0,0,,,,
1416429737.35504,public,orders,146,1155930000,51172339,606607302,15195000,0,195000,0,15000000,195000,11291959,70705259,373890,154838015,,,,
1416429737.35504,pg_catalog,pg_range,0,0,663,0,0,0,0,0,0,0,0,0,218,1108,,,,
1416429737.35504,pg_toast,pg_toast_2609,0,0,0,0,0,0,0,0,0,0,0,0,0,0,,,,
1416429737.35504,pg_catalog,pg_opclass,38,38,19056,198614,0,0,0,0,0,0,95,79463,213,23059,,,,
1416429737.35504,public,part,51,50000000,874,40620142,2000000,0,0,0,2000000,0,1760572,810298,107444,2449,,,,
1416429737.35504,pg_catalog,pg_rewrite,0,0,747,597,50,0,50,0,110,50,294,576,159,1111,207,190,118,926
1416429737.35504,pg_toast,pg_toast_1255,0,0,0,0,0,0,0,0,0,0,0,0,0,0,,,,
1416429737.35504,pg_catalog,pg_seclabel,0,0,369,0,0,0,0,0,0,0,0,0,45,324,0,0,0,0
1416429737.35504,pg_catalog,pg_ts_parser,0,0,0,0,0,0,0,0,0,0,0,0,0,0,,,,
1416429737.35504,pg_catalog,pg_trigger,0,0,0,0,0,0,0,0,0,0,0,0,0,0,0,0,0,0
1416429737.35504,pg_catalog,pg_shseclabel,0,0,0,0,0,0,0,0,0,0,0,0,0,0,,,,
1416429737.35504,pg_catalog,pg_event_trigger,0,0,172,0,0,0,0,0,0,0,0,0,46,126,,,,
1416429737.35504,pg_catalog,pg_foreign_table,0,0,0,0,0,0,0,0,0,0,0,0,0,0,,,,
1416429737.35504,pg_catalog,pg_extension,0,0,0,0,0,0,0,0,0,0,0,0,0,0,,,,
1416429737.35504,pg_catalog,pg_ts_config,0,0,0,0,0,0,0,0,0,0,0,0,0,0,,,,
1416429737.35504,pg_catalog,pg_shdescription,0,0,0,0,0,0,0,0,0,0,0,0,0,0,0,0,0,0
1416429737.35504,pg_catalog,pg_cast,0,0,95909,23000,0,0,0,0,0,0,102,22898,65,98620,,,,
1416429737.35504,pg_catalog,pg_amop,0,0,24266,42507,0,0,0,0,0,0,175,40650,384,51576,,,,
1416429737.35504,pg_catalog,pg_user_mapping,0,0,0,0,0,0,0,0,0,0,0,0,0,0,,,,
1416429737.35504,pg_catalog,pg_type,0,0,67869,67179,190,0,171,0,360,46,346,67494,605,139635,,,,
1416429737.35504,information_schema,sql_parts,0,0,,,0,0,0,0,0,0,0,0,,,0,0,0,0
1416429737.35504,pg_catalog,pg_largeobject,0,0,0,0,0,0,0,0,0,0,0,0,0,0,,,,
1416429737.35504,pg_catalog,pg_ts_config_map,0,0,0,0,0,0,0,0,0,0,0,0,0,0,,,,
1416429737.35504,pg_catalog,pg_largeobject_metadata,0,0,0,0,0,0,0,0,0,0,0,0,0,0,,,,
1416429737.35504,pg_catalog,pg_am,4232,4232,0,0,0,0,0,0,0,0,30,4202,0,0,,,,
1416429737.35504,public,time_statistics,273,43787,,,298,273,0,255,298,61,164,1384,,,,,,
1416429737.35504,pg_toast,pg_toast_12718,0,0,0,0,0,0,0,0,0,0,0,0,0,0,,,,
1416429737.35504,pg_catalog,pg_ts_template,0,0,0,0,0,0,0,0,0,0,0,0,0,0,,,,
1416429737.35504,pg_catalog,pg_foreign_server,0,0,0,0,0,0,0,0,0,0,0,0,0,0,,,,
1416429737.35504,pg_catalog,pg_namespace,168,1406,12311,9427,4,0,0,0,4,0,36,9570,152,15274,,,,
1416429737.35504,pg_toast,pg_toast_2619,0,0,10585,36409,559,0,309,0,263,50,3299,13739,141,12270,,,,
1416429737.35504,pg_catalog,pg_authid,76,76,5820,5820,0,0,0,0,0,0,29,5867,126,11514,,,,
1416429737.35504,pg_catalog,pg_default_acl,0,0,384,0,0,0,0,0,0,0,0,0,41,343,,,,
1416429737.35504,pg_catalog,pg_shdepend,0,0,471,101,0,0,0,0,0,0,46,55,185,470,,,,
1416429737.35504,pg_catalog,pg_constraint,0,0,24,8,16,0,8,0,8,8,9,72,16,144,0,0,0,0
1416429737.35504,pg_catalog,pg_index,444,43663,31205,45049,82,0,54,0,143,54,304,34175,187,35729,,,,
1416429737.35504,pg_catalog,pg_ts_dict,0,0,0,0,0,0,0,0,0,0,0,0,0,0,,,,
1416429737.35504,pg_toast,pg_toast_2604,0,0,0,0,0,0,0,0,0,0,0,0,0,0,,,,
1416429737.35504,pg_catalog,pg_proc,0,0,25415,37957,0,0,0,0,0,0,2286,25230,917,55369,0,0,0,0
1416429797.35836,pg_catalog,pg_attrdef,0,0,0,0,0,0,0,0,0,0,0,0,0,0,0,0,0,0
1416429797.35836,pg_catalog,pg_db_role_setting,0,0,12468,0,0,0,0,0,0,0,0,0,30,12438,0,0,0,0
1416429797.35836,pg_toast,pg_toast_12713,0,0,0,0,0,0,0,0,0,0,0,0,0,0,,,,
1416429797.35836,pg_catalog,pg_rowsecurity,0,0,0,0,0,0,0,0,0,0,0,0,0,0,,,,
1416429797.35836,pg_catalog,pg_description,0,0,373,0,0,0,0,0,0,0,0,0,141,692,0,0,0,0
1416429797.35836,pg_catalog,pg_foreign_data_wrapper,0,0,0,0,0,0,0,0,0,0,0,0,0,0,,,,
1416429797.35836,pg_catalog,pg_conversion,0,0,0,0,0,0,0,0,0,0,0,0,0,0,,,,
1416429797.35836,pg_catalog,pg_class,893,202044,74282,68491,179,51,141,47,337,44,613,75742,618,155586,,,,
1416429797.35836,information_schema,sql_implementation_info,0,0,,,0,0,0,0,0,0,0,0,,,0,0,0,0
1416429797.35836,pg_catalog,pg_opfamily,0,0,0,0,0,0,0,0,0,0,0,0,0,0,,,,
1416429797.35836,pg_catalog,pg_auth_members,0,0,0,0,0,0,0,0,0,0,0,0,0,0,,,,
1416429797.35836,pg_catalog,pg_operator,0,0,22819,118763,0,0,0,0,0,0,555,82312,461,49565,,,,
1416429797.35836,public,supplier,53,2700000,39807103,51282769,100000,0,0,0,100000,0,22302,40109663,2624,79829688,,,,
1416429797.35836,information_schema,sql_languages,0,0,,,0,0,0,0,0,0,0,0,,,0,0,0,0
1416429797.35836,pg_toast,pg_toast_12693,0,0,0,0,0,0,0,0,0,0,0,0,0,0,,,,
1416429797.35836,pg_catalog,pg_attribute,209,1425,60192,134936,666,20,488,5,2514,524,1350,69991,507,126280,,,,
1416429797.35836,public,customer,108,84000000,1008,183243415,1500000,0,0,0,1500000,0,1642644,5916714,50216,4178,,,,
1416429797.35836,pg_toast,pg_toast_12698,0,0,0,0,0,0,0,0,0,0,0,0,0,0,,,,
1416429797.35836,pg_catalog,pg_tablespace,2,4,2115,2115,0,0,0,0,0,0,48,2069,102,4140,,,,
1416429797.35836,pg_catalog,pg_statistic,0,0,15881,15141,158,306,92,98,468,95,892,15603,177,34488,3481,13991,152,12574
1416429797.35836,pg_toast,pg_toast_12703,0,0,0,0,0,0,0,0,0,0,0,0,0,0,,,,
1416429797.35836,information_schema,sql_packages,0,0,,,0,0,0,0,0,0,0,0,,,0,0,0,0
1416429797.35836,information_schema,sql_sizing_profiles,0,0,,,0,0,0,0,0,0,0,0,,,0,0,0,0
1416429797.35836,pg_catalog,pg_aggregate,0,0,1596,1596,0,0,0,0,0,0,100,1496,230,2550,,,,
1416429797.35836,public,lineitem,187,6062714329,48088375,3426805894,60765674,0,780136,0,59985682,780136,95830094,313575343,7279422,199990172,,,,
1416429797.35836,pg_catalog,pg_inherits,0,0,87,0,0,0,0,0,0,0,0,0,49,38,,,,
1416429797.35836,pg_catalog,pg_enum,0,0,0,0,0,0,0,0,0,0,0,0,0,0,,,,
1416429797.35836,pg_toast,pg_toast_2396,0,0,0,0,0,0,0,0,0,0,0,0,0,0,,,,
1416429797.35836,pg_catalog,pg_pltemplate,0,0,0,0,0,0,0,0,0,0,0,0,0,0,,,,
1416429797.35836,pg_toast,pg_toast_2618,0,0,327,1044,0,0,0,0,0,0,211,191,61,467,,,,
1416429797.35836,pg_toast,pg_toast_3596,0,0,0,0,0,0,0,0,0,0,0,0,0,0,,,,
1416429797.35836,information_schema,sql_features,0,0,,,0,0,0,0,0,0,0,0,,,0,0,0,0
1416429797.35836,public,region,83101,415180,202,202,5,0,0,0,5,0,29,83219,59,219,,,,
1416429797.35836,pg_toast,pg_toast_2606,0,0,0,0,0,0,0,0,0,0,0,0,0,0,,,,
1416429797.35836,pg_toast,pg_toast_12723,0,0,0,0,0,0,0,0,0,0,0,0,0,0,,,,
1416429797.35836,pg_toast,pg_toast_2964,0,0,0,0,0,0,0,0,0,0,0,0,0,0,,,,
1416429797.35836,pg_catalog,pg_database,210,798,10043,10041,1,0,0,0,1,0,21,10231,129,16143,,,,
1416429797.35836,information_schema,sql_sizing,0,0,,,0,0,0,0,0,0,0,0,,,0,0,0,0
1416429797.35836,pg_toast,pg_toast_2620,0,0,0,0,0,0,0,0,0,0,0,0,0,0,,,,
1416429797.35836,public,partsupp,125,480000000,343622,1373276,8000000,0,0,0,8000000,0,8646932,3117820,238510,820013,,,,
1416429797.35836,pg_catalog,pg_depend,0,0,3851,4087,741,0,652,0,7106,653,560,4573,1012,10007,,,,
1416429797.35836,pg_catalog,pg_language,0,0,0,0,0,0,0,0,0,0,0,0,0,0,,,,
1416429797.35836,public,nation,274,3275,333045,333309,25,0,0,0,25,0,29,333157,96,333173,,,,
1416429797.35836,pg_catalog,pg_amproc,38,76,14568,43026,0,0,0,0,0,0,256,14221,134,32062,,,,
1416429797.35836,pg_catalog,pg_collation,0,0,0,0,0,0,0,0,0,0,0,0,0,0,,,,
1416429797.35836,pg_toast,pg_toast_12708,0,0,0,0,0,0,0,0,0,0,0,0,0,0,,,,
1416429797.35836,public,orders,151,1230930000,60700445,691135403,15195000,0,195000,0,15000000,195000,12743217,81347702,375850,183471991,,,,
1416429797.35836,pg_catalog,pg_range,0,0,693,0,0,0,0,0,0,0,0,0,228,1158,,,,
1416429797.35836,pg_toast,pg_toast_2609,0,0,0,0,0,0,0,0,0,0,0,0,0,0,,,,
1416429797.35836,pg_catalog,pg_opclass,38,38,19558,203586,0,0,0,0,0,0,101,81487,229,23669,,,,
1416429797.35836,public,part,57,62000000,984,50734985,2000000,0,0,0,2000000,0,2099842,1007295,113809,8105,,,,
1416429797.35836,pg_catalog,pg_rewrite,0,0,759,606,51,0,51,0,110,51,301,582,165,1125,211,191,122,934
1416429797.35836,pg_toast,pg_toast_1255,0,0,0,0,0,0,0,0,0,0,0,0,0,0,,,,
1416429797.35836,pg_catalog,pg_seclabel,0,0,373,0,0,0,0,0,0,0,0,0,46,327,0,0,0,0
1416429797.35836,pg_catalog,pg_ts_parser,0,0,0,0,0,0,0,0,0,0,0,0,0,0,,,,
1416429797.35836,pg_catalog,pg_trigger,0,0,0,0,0,0,0,0,0,0,0,0,0,0,0,0,0,0
1416429797.35836,pg_catalog,pg_shseclabel,0,0,0,0,0,0,0,0,0,0,0,0,0,0,,,,
1416429797.35836,pg_catalog,pg_event_trigger,0,0,173,0,0,0,0,0,0,0,0,0,47,126,,,,
1416429797.35836,pg_catalog,pg_foreign_table,0,0,0,0,0,0,0,0,0,0,0,0,0,0,,,,
1416429797.35836,pg_catalog,pg_extension,0,0,0,0,0,0,0,0,0,0,0,0,0,0,,,,
1416429797.35836,pg_catalog,pg_ts_config,0,0,0,0,0,0,0,0,0,0,0,0,0,0,,,,
1416429797.35836,pg_catalog,pg_shdescription,0,0,0,0,0,0,0,0,0,0,0,0,0,0,0,0,0,0
1416429797.35836,pg_catalog,pg_cast,0,0,98939,23730,0,0,0,0,0,0,106,23624,68,101742,,,,
1416429797.35836,pg_catalog,pg_amop,0,0,24949,43770,0,0,0,0,0,0,187,41834,408,53016,,,,
1416429797.35836,pg_catalog,pg_user_mapping,0,0,0,0,0,0,0,0,0,0,0,0,0,0,,,,
1416429797.35836,pg_catalog,pg_type,0,0,70176,69469,192,0,173,0,360,48,358,69779,632,144347,,,,
1416429797.35836,information_schema,sql_parts,0,0,,,0,0,0,0,0,0,0,0,,,0,0,0,0
1416429797.35836,pg_catalog,pg_largeobject,0,0,0,0,0,0,0,0,0,0,0,0,0,0,,,,
1416429797.35836,pg_catalog,pg_ts_config_map,0,0,0,0,0,0,0,0,0,0,0,0,0,0,,,,
1416429797.35836,pg_catalog,pg_largeobject_metadata,0,0,0,0,0,0,0,0,0,0,0,0,0,0,,,,
1416429797.35836,pg_catalog,pg_am,4357,4357,0,0,0,0,0,0,0,0,32,4325,0,0,,,,
1416429797.35836,public,time_statistics,303,53157,,,328,303,0,285,328,91,192,1631,,,,,,
1416429797.35836,pg_toast,pg_toast_12718,0,0,0,0,0,0,0,0,0,0,0,0,0,0,,,,
1416429797.35836,pg_catalog,pg_ts_template,0,0,0,0,0,0,0,0,0,0,0,0,0,0,,,,
1416429797.35836,pg_catalog,pg_foreign_server,0,0,0,0,0,0,0,0,0,0,0,0,0,0,,,,
1416429797.35836,pg_catalog,pg_namespace,170,1426,12721,9743,4,0,0,0,4,0,38,9886,162,15772,,,,
1416429797.35836,pg_toast,pg_toast_2619,0,0,10867,37423,559,0,309,0,263,50,3481,13991,152,12574,,,,
1416429797.35836,pg_catalog,pg_authid,77,77,6001,6001,0,0,0,0,0,0,31,6047,134,11868,,,,
1416429797.35836,pg_catalog,pg_default_acl,0,0,388,0,0,0,0,0,0,0,0,0,42,346,,,,
1416429797.35836,pg_catalog,pg_shdepend,0,0,476,102,0,0,0,0,0,0,47,55,189,473,,,,
1416429797.35836,pg_catalog,pg_constraint,0,0,24,8,16,0,8,0,8,8,9,72,16,144,0,0,0,0
1416429797.35836,pg_catalog,pg_index,449,44378,31959,46138,82,0,54,0,143,54,320,34964,201,36599,,,,
1416429797.35836,pg_catalog,pg_ts_dict,0,0,0,0,0,0,0,0,0,0,0,0,0,0,,,,
1416429797.35836,pg_toast,pg_toast_2604,0,0,0,0,0,0,0,0,0,0,0,0,0,0,,,,
1416429797.35836,pg_catalog,pg_proc,0,0,26118,38927,0,0,0,0,0,0,2407,25848,968,56912,0,0,0,0
